sample_name,assay_type,library_prep_date,flowcell_id,file_type,gcs_uri,gcs_bucket,file_path,file_format,extra_metadata
SAMPLE-00001,RNA-Seq,3/1/26,FC-00001,fastq,gs://lims-raw/FC-00001/lane1/SAMPLE-00001_R1.fastq.gz,lims-raw,,fastq.gz,"{""read"": ""R1""}"
SAMPLE-00001,RNA-Seq,3/1/26,FC-00001,fastq,gs://lims-raw/FC-00001/lane1/SAMPLE-00001_R2.fastq.gz,lims-raw,,fastq.gz,"{""read"": ""R2""}"
SAMPLE-00002,RNA-Seq,3/2/26,FC-00002,fastq,gs://lims-raw/FC-00002/lane1/SAMPLE-00002_R1.fastq.gz,lims-raw,,fastq.gz,"{""read"": ""R1""}"
SAMPLE-00002,RNA-Seq,3/2/26,FC-00002,fastq,gs://lims-raw/FC-00002/lane1/SAMPLE-00002_R2.fastq.gz,lims-raw,,fastq.gz,"{""read"": ""R2""}"
SAMPLE-00003,ChIP-Seq,3/3/26,FC-00003,fastq,gs://lims-raw/FC-00003/lane2/SAMPLE-00003_R1.fastq.gz,lims-raw,,fastq.gz,"{""read"": ""R1""}"
SAMPLE-00003,ChIP-Seq,3/3/26,FC-00003,fastq,gs://lims-raw/FC-00003/lane2/SAMPLE-00003_R2.fastq.gz,lims-raw,,fastq.gz,"{""read"": ""R2""}"
SAMPLE-00004,ChIP-Seq,3/4/26,FC-00004,fastq,gs://lims-raw/FC-00004/lane2/SAMPLE-00004_R1.fastq.gz,lims-raw,,fastq.gz,"{""read"": ""R1""}"
SAMPLE-00004,ChIP-Seq,3/4/26,FC-00004,fastq,gs://lims-raw/FC-00004/lane2/SAMPLE-00004_R2.fastq.gz,lims-raw,,fastq.gz,"{""read"": ""R2""}"
SAMPLE-00005,ATAC-Seq,3/5/26,FC-00005,fastq,gs://lims-raw/FC-00005/lane3/SAMPLE-00005_R1.fastq.gz,lims-raw,,fastq.gz,"{""read"": ""R1""}"
SAMPLE-00005,ATAC-Seq,3/5/26,FC-00005,fastq,gs://lims-raw/FC-00005/lane3/SAMPLE-00005_R2.fastq.gz,lims-raw,,fastq.gz,"{""read"": ""R2""}"
SAMPLE-00006,ATAC-Seq,3/6/26,FC-00001,fastq,gs://lims-raw/FC-00001/lane2/SAMPLE-00006_R1.fastq.gz,lims-raw,,fastq.gz,"{""read"": ""R1""}"
SAMPLE-00006,ATAC-Seq,3/6/26,FC-00001,fastq,gs://lims-raw/FC-00001/lane2/SAMPLE-00006_R2.fastq.gz,lims-raw,,fastq.gz,"{""read"": ""R2""}"
SAMPLE-00007,RNA-Seq,3/7/26,FC-00002,fastq,gs://lims-raw/FC-00002/lane2/SAMPLE-00007_R1.fastq.gz,lims-raw,,fastq.gz,"{""read"": ""R1""}"
SAMPLE-00007,RNA-Seq,3/7/26,FC-00002,fastq,gs://lims-raw/FC-00002/lane2/SAMPLE-00007_R2.fastq.gz,lims-raw,,fastq.gz,"{""read"": ""R2""}"
SAMPLE-00008,ChIP-Seq,3/8/26,FC-00003,fastq,gs://lims-raw/FC-00003/lane3/SAMPLE-00008_R1.fastq.gz,lims-raw,,fastq.gz,"{""read"": ""R1""}"
SAMPLE-00008,ChIP-Seq,3/8/26,FC-00003,fastq,gs://lims-raw/FC-00003/lane3/SAMPLE-00008_R2.fastq.gz,lims-raw,,fastq.gz,"{""read"": ""R2""}"
SAMPLE-00009,RNA-Seq,3/9/26,FC-00004,fastq,gs://lims-raw/FC-00004/lane3/SAMPLE-00009_R1.fastq.gz,lims-raw,,fastq.gz,"{""read"": ""R1""}"
SAMPLE-00009,RNA-Seq,3/9/26,FC-00004,fastq,gs://lims-raw/FC-00004/lane3/SAMPLE-00009_R2.fastq.gz,lims-raw,,fastq.gz,"{""read"": ""R2""}"
SAMPLE-00010,ATAC-Seq,3/10/26,FC-00005,fastq,gs://lims-raw/FC-00005/lane4/SAMPLE-00010_R1.fastq.gz,lims-raw,,fastq.gz,"{""read"": ""R1""}"
SAMPLE-00010,ATAC-Seq,3/10/26,FC-00005,fastq,gs://lims-raw/FC-00005/lane4/SAMPLE-00010_R2.fastq.gz,lims-raw,,fastq.gz,"{""read"": ""R2""}"
SAMPLE-00011,RNA-Seq,3/11/26,FC-00001,fastq,gs://lims-raw/FC-00001/lane3/SAMPLE-00011_R1.fastq.gz,lims-raw,,fastq.gz,"{""read"": ""R1""}"
SAMPLE-00011,RNA-Seq,3/11/26,FC-00001,fastq,gs://lims-raw/FC-00001/lane3/SAMPLE-00011_R2.fastq.gz,lims-raw,,fastq.gz,"{""read"": ""R2""}"
SAMPLE-00012,RNA-Seq,3/12/26,FC-00002,fastq,gs://lims-raw/FC-00002/lane3/SAMPLE-00012_R1.fastq.gz,lims-raw,,fastq.gz,"{""read"": ""R1""}"
SAMPLE-00012,RNA-Seq,3/12/26,FC-00002,fastq,gs://lims-raw/FC-00002/lane3/SAMPLE-00012_R2.fastq.gz,lims-raw,,fastq.gz,"{""read"": ""R2""}"
SAMPLE-00013,ChIP-Seq,3/13/26,FC-00003,fastq,gs://lims-raw/FC-00003/lane4/SAMPLE-00013_R1.fastq.gz,lims-raw,,fastq.gz,"{""read"": ""R1""}"
SAMPLE-00013,ChIP-Seq,3/13/26,FC-00003,fastq,gs://lims-raw/FC-00003/lane4/SAMPLE-00013_R2.fastq.gz,lims-raw,,fastq.gz,"{""read"": ""R2""}"
SAMPLE-00014,ChIP-Seq,3/14/26,FC-00004,fastq,gs://lims-raw/FC-00004/lane4/SAMPLE-00014_R1.fastq.gz,lims-raw,,fastq.gz,"{""read"": ""R1""}"
SAMPLE-00014,ChIP-Seq,3/14/26,FC-00004,fastq,gs://lims-raw/FC-00004/lane4/SAMPLE-00014_R2.fastq.gz,lims-raw,,fastq.gz,"{""read"": ""R2""}"
SAMPLE-00015,ATAC-Seq,3/15/26,FC-00005,fastq,gs://lims-raw/FC-00005/lane1/SAMPLE-00015_R1.fastq.gz,lims-raw,,fastq.gz,"{""read"": ""R1""}"
SAMPLE-00015,ATAC-Seq,3/15/26,FC-00005,fastq,gs://lims-raw/FC-00005/lane1/SAMPLE-00015_R2.fastq.gz,lims-raw,,fastq.gz,"{""read"": ""R2""}"
SAMPLE-00016,ATAC-Seq,3/16/26,FC-00001,fastq,gs://lims-raw/FC-00001/lane4/SAMPLE-00016_R1.fastq.gz,lims-raw,,fastq.gz,"{""read"": ""R1""}"
SAMPLE-00016,ATAC-Seq,3/16/26,FC-00001,fastq,gs://lims-raw/FC-00001/lane4/SAMPLE-00016_R2.fastq.gz,lims-raw,,fastq.gz,"{""read"": ""R2""}"
SAMPLE-00017,RNA-Seq,3/17/26,FC-00002,fastq,gs://lims-raw/FC-00002/lane4/SAMPLE-00017_R1.fastq.gz,lims-raw,,fastq.gz,"{""read"": ""R1""}"
SAMPLE-00017,RNA-Seq,3/17/26,FC-00002,fastq,gs://lims-raw/FC-00002/lane4/SAMPLE-00017_R2.fastq.gz,lims-raw,,fastq.gz,"{""read"": ""R2""}"
SAMPLE-00018,ChIP-Seq,3/18/26,FC-00003,fastq,gs://lims-raw/FC-00003/lane1/SAMPLE-00018_R1.fastq.gz,lims-raw,,fastq.gz,"{""read"": ""R1""}"
SAMPLE-00018,ChIP-Seq,3/18/26,FC-00003,fastq,gs://lims-raw/FC-00003/lane1/SAMPLE-00018_R2.fastq.gz,lims-raw,,fastq.gz,"{""read"": ""R2""}"
SAMPLE-00019,RNA-Seq,3/19/26,FC-00004,fastq,gs://lims-raw/FC-00004/lane1/SAMPLE-00019_R1.fastq.gz,lims-raw,,fastq.gz,"{""read"": ""R1""}"
SAMPLE-00019,RNA-Seq,3/19/26,FC-00004,fastq,gs://lims-raw/FC-00004/lane1/SAMPLE-00019_R2.fastq.gz,lims-raw,,fastq.gz,"{""read"": ""R2""}"
SAMPLE-00020,ATAC-Seq,3/20/26,FC-00005,fastq,gs://lims-raw/FC-00005/lane2/SAMPLE-00020_R1.fastq.gz,lims-raw,,fastq.gz,"{""read"": ""R1""}"
SAMPLE-00020,ATAC-Seq,3/20/26,FC-00005,fastq,gs://lims-raw/FC-00005/lane2/SAMPLE-00020_R2.fastq.gz,lims-raw,,fastq.gz,"{""read"": ""R2""}"
SAMPLE-00021,RNA-Seq,3/21/26,FC-00001,fastq,gs://lims-raw/FC-00001/lane1/SAMPLE-00021_R1.fastq.gz,lims-raw,,fastq.gz,"{""read"": ""R1""}"
SAMPLE-00021,RNA-Seq,3/21/26,FC-00001,fastq,gs://lims-raw/FC-00001/lane1/SAMPLE-00021_R2.fastq.gz,lims-raw,,fastq.gz,"{""read"": ""R2""}"
SAMPLE-00022,RNA-Seq,3/22/26,FC-00002,fastq,gs://lims-raw/FC-00002/lane1/SAMPLE-00022_R1.fastq.gz,lims-raw,,fastq.gz,"{""read"": ""R1""}"
SAMPLE-00022,RNA-Seq,3/22/26,FC-00002,fastq,gs://lims-raw/FC-00002/lane1/SAMPLE-00022_R2.fastq.gz,lims-raw,,fastq.gz,"{""read"": ""R2""}"
SAMPLE-00023,ChIP-Seq,3/23/26,FC-00003,fastq,gs://lims-raw/FC-00003/lane2/SAMPLE-00023_R1.fastq.gz,lims-raw,,fastq.gz,"{""read"": ""R1""}"
SAMPLE-00023,ChIP-Seq,3/23/26,FC-00003,fastq,gs://lims-raw/FC-00003/lane2/SAMPLE-00023_R2.fastq.gz,lims-raw,,fastq.gz,"{""read"": ""R2""}"
SAMPLE-00024,ChIP-Seq,3/24/26,FC-00004,fastq,gs://lims-raw/FC-00004/lane2/SAMPLE-00024_R1.fastq.gz,lims-raw,,fastq.gz,"{""read"": ""R1""}"
SAMPLE-00024,ChIP-Seq,3/24/26,FC-00004,fastq,gs://lims-raw/FC-00004/lane2/SAMPLE-00024_R2.fastq.gz,lims-raw,,fastq.gz,"{""read"": ""R2""}"
SAMPLE-00025,ATAC-Seq,3/25/26,FC-00005,fastq,gs://lims-raw/FC-00005/lane3/SAMPLE-00025_R1.fastq.gz,lims-raw,,fastq.gz,"{""read"": ""R1""}"
SAMPLE-00025,ATAC-Seq,3/25/26,FC-00005,fastq,gs://lims-raw/FC-00005/lane3/SAMPLE-00025_R2.fastq.gz,lims-raw,,fastq.gz,"{""read"": ""R2""}"
SAMPLE-00026,ATAC-Seq,3/26/26,FC-00001,fastq,gs://lims-raw/FC-00001/lane2/SAMPLE-00026_R1.fastq.gz,lims-raw,,fastq.gz,"{""read"": ""R1""}"
SAMPLE-00026,ATAC-Seq,3/26/26,FC-00001,fastq,gs://lims-raw/FC-00001/lane2/SAMPLE-00026_R2.fastq.gz,lims-raw,,fastq.gz,"{""read"": ""R2""}"
SAMPLE-00027,RNA-Seq,3/27/26,FC-00002,fastq,gs://lims-raw/FC-00002/lane2/SAMPLE-00027_R1.fastq.gz,lims-raw,,fastq.gz,"{""read"": ""R1""}"
SAMPLE-00027,RNA-Seq,3/27/26,FC-00002,fastq,gs://lims-raw/FC-00002/lane2/SAMPLE-00027_R2.fastq.gz,lims-raw,,fastq.gz,"{""read"": ""R2""}"
SAMPLE-00028,ChIP-Seq,3/28/26,FC-00003,fastq,gs://lims-raw/FC-00003/lane3/SAMPLE-00028_R1.fastq.gz,lims-raw,,fastq.gz,"{""read"": ""R1""}"
SAMPLE-00028,ChIP-Seq,3/28/26,FC-00003,fastq,gs://lims-raw/FC-00003/lane3/SAMPLE-00028_R2.fastq.gz,lims-raw,,fastq.gz,"{""read"": ""R2""}"
SAMPLE-00029,RNA-Seq,3/29/26,FC-00004,fastq,gs://lims-raw/FC-00004/lane3/SAMPLE-00029_R1.fastq.gz,lims-raw,,fastq.gz,"{""read"": ""R1""}"
SAMPLE-00029,RNA-Seq,3/29/26,FC-00004,fastq,gs://lims-raw/FC-00004/lane3/SAMPLE-00029_R2.fastq.gz,lims-raw,,fastq.gz,"{""read"": ""R2""}"
SAMPLE-00030,ATAC-Seq,3/30/26,FC-00005,fastq,gs://lims-raw/FC-00005/lane4/SAMPLE-00030_R1.fastq.gz,lims-raw,,fastq.gz,"{""read"": ""R1""}"
SAMPLE-00030,ATAC-Seq,3/30/26,FC-00005,fastq,gs://lims-raw/FC-00005/lane4/SAMPLE-00030_R2.fastq.gz,lims-raw,,fastq.gz,"{""read"": ""R2""}"
SAMPLE-00031,RNA-Seq,3/31/26,FC-00001,fastq,gs://lims-raw/FC-00001/lane3/SAMPLE-00031_R1.fastq.gz,lims-raw,,fastq.gz,"{""read"": ""R1""}"
SAMPLE-00031,RNA-Seq,3/31/26,FC-00001,fastq,gs://lims-raw/FC-00001/lane3/SAMPLE-00031_R2.fastq.gz,lims-raw,,fastq.gz,"{""read"": ""R2""}"
SAMPLE-00032,RNA-Seq,4/1/26,FC-00002,fastq,gs://lims-raw/FC-00002/lane3/SAMPLE-00032_R1.fastq.gz,lims-raw,,fastq.gz,"{""read"": ""R1""}"
SAMPLE-00032,RNA-Seq,4/1/26,FC-00002,fastq,gs://lims-raw/FC-00002/lane3/SAMPLE-00032_R2.fastq.gz,lims-raw,,fastq.gz,"{""read"": ""R2""}"
SAMPLE-00033,ChIP-Seq,4/2/26,FC-00003,fastq,gs://lims-raw/FC-00003/lane4/SAMPLE-00033_R1.fastq.gz,lims-raw,,fastq.gz,"{""read"": ""R1""}"
SAMPLE-00033,ChIP-Seq,4/2/26,FC-00003,fastq,gs://lims-raw/FC-00003/lane4/SAMPLE-00033_R2.fastq.gz,lims-raw,,fastq.gz,"{""read"": ""R2""}"
SAMPLE-00034,ChIP-Seq,4/3/26,FC-00004,fastq,gs://lims-raw/FC-00004/lane4/SAMPLE-00034_R1.fastq.gz,lims-raw,,fastq.gz,"{""read"": ""R1""}"
SAMPLE-00034,ChIP-Seq,4/3/26,FC-00004,fastq,gs://lims-raw/FC-00004/lane4/SAMPLE-00034_R2.fastq.gz,lims-raw,,fastq.gz,"{""read"": ""R2""}"
SAMPLE-00035,ATAC-Seq,4/4/26,FC-00005,fastq,gs://lims-raw/FC-00005/lane1/SAMPLE-00035_R1.fastq.gz,lims-raw,,fastq.gz,"{""read"": ""R1""}"
SAMPLE-00035,ATAC-Seq,4/4/26,FC-00005,fastq,gs://lims-raw/FC-00005/lane1/SAMPLE-00035_R2.fastq.gz,lims-raw,,fastq.gz,"{""read"": ""R2""}"
SAMPLE-00036,ATAC-Seq,4/5/26,FC-00001,fastq,gs://lims-raw/FC-00001/lane4/SAMPLE-00036_R1.fastq.gz,lims-raw,,fastq.gz,"{""read"": ""R1""}"
SAMPLE-00036,ATAC-Seq,4/5/26,FC-00001,fastq,gs://lims-raw/FC-00001/lane4/SAMPLE-00036_R2.fastq.gz,lims-raw,,fastq.gz,"{""read"": ""R2""}"
SAMPLE-00037,RNA-Seq,4/6/26,FC-00002,fastq,gs://lims-raw/FC-00002/lane4/SAMPLE-00037_R1.fastq.gz,lims-raw,,fastq.gz,"{""read"": ""R1""}"
SAMPLE-00037,RNA-Seq,4/6/26,FC-00002,fastq,gs://lims-raw/FC-00002/lane4/SAMPLE-00037_R2.fastq.gz,lims-raw,,fastq.gz,"{""read"": ""R2""}"
SAMPLE-00038,ChIP-Seq,4/7/26,FC-00003,fastq,gs://lims-raw/FC-00003/lane1/SAMPLE-00038_R1.fastq.gz,lims-raw,,fastq.gz,"{""read"": ""R1""}"
SAMPLE-00038,ChIP-Seq,4/7/26,FC-00003,fastq,gs://lims-raw/FC-00003/lane1/SAMPLE-00038_R2.fastq.gz,lims-raw,,fastq.gz,"{""read"": ""R2""}"
SAMPLE-00039,RNA-Seq,4/8/26,FC-00004,fastq,gs://lims-raw/FC-00004/lane1/SAMPLE-00039_R1.fastq.gz,lims-raw,,fastq.gz,"{""read"": ""R1""}"
SAMPLE-00039,RNA-Seq,4/8/26,FC-00004,fastq,gs://lims-raw/FC-00004/lane1/SAMPLE-00039_R2.fastq.gz,lims-raw,,fastq.gz,"{""read"": ""R2""}"
SAMPLE-00040,ATAC-Seq,4/9/26,FC-00005,fastq,gs://lims-raw/FC-00005/lane2/SAMPLE-00040_R1.fastq.gz,lims-raw,,fastq.gz,"{""read"": ""R1""}"
SAMPLE-00040,ATAC-Seq,4/9/26,FC-00005,fastq,gs://lims-raw/FC-00005/lane2/SAMPLE-00040_R2.fastq.gz,lims-raw,,fastq.gz,"{""read"": ""R2""}"
SAMPLE-00041,RNA-Seq,4/10/26,FC-00001,fastq,gs://lims-raw/FC-00001/lane1/SAMPLE-00041_R1.fastq.gz,lims-raw,,fastq.gz,"{""read"": ""R1""}"
SAMPLE-00041,RNA-Seq,4/10/26,FC-00001,fastq,gs://lims-raw/FC-00001/lane1/SAMPLE-00041_R2.fastq.gz,lims-raw,,fastq.gz,"{""read"": ""R2""}"
SAMPLE-00042,RNA-Seq,4/11/26,FC-00002,fastq,gs://lims-raw/FC-00002/lane1/SAMPLE-00042_R1.fastq.gz,lims-raw,,fastq.gz,"{""read"": ""R1""}"
SAMPLE-00042,RNA-Seq,4/11/26,FC-00002,fastq,gs://lims-raw/FC-00002/lane1/SAMPLE-00042_R2.fastq.gz,lims-raw,,fastq.gz,"{""read"": ""R2""}"
SAMPLE-00043,ChIP-Seq,4/12/26,FC-00003,fastq,gs://lims-raw/FC-00003/lane2/SAMPLE-00043_R1.fastq.gz,lims-raw,,fastq.gz,"{""read"": ""R1""}"
SAMPLE-00043,ChIP-Seq,4/12/26,FC-00003,fastq,gs://lims-raw/FC-00003/lane2/SAMPLE-00043_R2.fastq.gz,lims-raw,,fastq.gz,"{""read"": ""R2""}"
SAMPLE-00044,ChIP-Seq,4/13/26,FC-00004,fastq,gs://lims-raw/FC-00004/lane2/SAMPLE-00044_R1.fastq.gz,lims-raw,,fastq.gz,"{""read"": ""R1""}"
SAMPLE-00044,ChIP-Seq,4/13/26,FC-00004,fastq,gs://lims-raw/FC-00004/lane2/SAMPLE-00044_R2.fastq.gz,lims-raw,,fastq.gz,"{""read"": ""R2""}"
SAMPLE-00045,ATAC-Seq,4/14/26,FC-00005,fastq,gs://lims-raw/FC-00005/lane3/SAMPLE-00045_R1.fastq.gz,lims-raw,,fastq.gz,"{""read"": ""R1""}"
SAMPLE-00045,ATAC-Seq,4/14/26,FC-00005,fastq,gs://lims-raw/FC-00005/lane3/SAMPLE-00045_R2.fastq.gz,lims-raw,,fastq.gz,"{""read"": ""R2""}"
SAMPLE-00046,ATAC-Seq,4/15/26,FC-00001,fastq,gs://lims-raw/FC-00001/lane2/SAMPLE-00046_R1.fastq.gz,lims-raw,,fastq.gz,"{""read"": ""R1""}"
SAMPLE-00046,ATAC-Seq,4/15/26,FC-00001,fastq,gs://lims-raw/FC-00001/lane2/SAMPLE-00046_R2.fastq.gz,lims-raw,,fastq.gz,"{""read"": ""R2""}"
SAMPLE-00047,RNA-Seq,4/16/26,FC-00002,fastq,gs://lims-raw/FC-00002/lane2/SAMPLE-00047_R1.fastq.gz,lims-raw,,fastq.gz,"{""read"": ""R1""}"
SAMPLE-00047,RNA-Seq,4/16/26,FC-00002,fastq,gs://lims-raw/FC-00002/lane2/SAMPLE-00047_R2.fastq.gz,lims-raw,,fastq.gz,"{""read"": ""R2""}"
SAMPLE-00048,ChIP-Seq,4/17/26,FC-00003,fastq,gs://lims-raw/FC-00003/lane3/SAMPLE-00048_R1.fastq.gz,lims-raw,,fastq.gz,"{""read"": ""R1""}"
SAMPLE-00048,ChIP-Seq,4/17/26,FC-00003,fastq,gs://lims-raw/FC-00003/lane3/SAMPLE-00048_R2.fastq.gz,lims-raw,,fastq.gz,"{""read"": ""R2""}"
SAMPLE-00049,RNA-Seq,4/18/26,FC-00004,fastq,gs://lims-raw/FC-00004/lane3/SAMPLE-00049_R1.fastq.gz,lims-raw,,fastq.gz,"{""read"": ""R1""}"
SAMPLE-00049,RNA-Seq,4/18/26,FC-00004,fastq,gs://lims-raw/FC-00004/lane3/SAMPLE-00049_R2.fastq.gz,lims-raw,,fastq.gz,"{""read"": ""R2""}"
SAMPLE-00050,ATAC-Seq,4/19/26,FC-00005,fastq,gs://lims-raw/FC-00005/lane4/SAMPLE-00050_R1.fastq.gz,lims-raw,,fastq.gz,"{""read"": ""R1""}"
SAMPLE-00050,ATAC-Seq,4/19/26,FC-00005,fastq,gs://lims-raw/FC-00005/lane4/SAMPLE-00050_R2.fastq.gz,lims-raw,,fastq.gz,"{""read"": ""R2""}"
SAMPLE-00001,RNA-Seq,3/1/26,FC-00001,counts,gs://lims-analysis/rna_seq/SAMPLE-00001/2026-03-01/counts.tsv,lims-analysis,,tsv,{}
SAMPLE-00001,RNA-Seq,3/1/26,FC-00001,qc_html,gs://lims-analysis/rna_seq/SAMPLE-00001/2026-03-01/qc_html.html,lims-analysis,,html,{}
SAMPLE-00002,RNA-Seq,3/2/26,FC-00002,counts,gs://lims-analysis/rna_seq/SAMPLE-00002/2026-03-02/counts.tsv,lims-analysis,,tsv,{}
SAMPLE-00002,RNA-Seq,3/2/26,FC-00002,qc_html,gs://lims-analysis/rna_seq/SAMPLE-00002/2026-03-02/qc_html.html,lims-analysis,,html,{}
SAMPLE-00003,ChIP-Seq,3/3/26,FC-00003,vcf,gs://lims-analysis/chip_seq/SAMPLE-00003/2026-03-03/vcf.vcf.gz,lims-analysis,,vcf.gz,{}
SAMPLE-00003,ChIP-Seq,3/3/26,FC-00003,qc_html,gs://lims-analysis/chip_seq/SAMPLE-00003/2026-03-03/qc_html.html,lims-analysis,,html,{}
SAMPLE-00004,ChIP-Seq,3/4/26,FC-00004,vcf,gs://lims-analysis/chip_seq/SAMPLE-00004/2026-03-04/vcf.vcf.gz,lims-analysis,,vcf.gz,{}
SAMPLE-00004,ChIP-Seq,3/4/26,FC-00004,qc_html,gs://lims-analysis/chip_seq/SAMPLE-00004/2026-03-04/qc_html.html,lims-analysis,,html,{}
SAMPLE-00005,ATAC-Seq,3/5/26,FC-00005,counts,gs://lims-analysis/atac_seq/SAMPLE-00005/2026-03-05/counts.tsv,lims-analysis,,tsv,{}
SAMPLE-00005,ATAC-Seq,3/5/26,FC-00005,qc_html,gs://lims-analysis/atac_seq/SAMPLE-00005/2026-03-05/qc_html.html,lims-analysis,,html,{}
SAMPLE-00006,ATAC-Seq,3/6/26,FC-00001,counts,gs://lims-analysis/atac_seq/SAMPLE-00006/2026-03-06/counts.tsv,lims-analysis,,tsv,{}
SAMPLE-00006,ATAC-Seq,3/6/26,FC-00001,qc_html,gs://lims-analysis/atac_seq/SAMPLE-00006/2026-03-06/qc_html.html,lims-analysis,,html,{}
SAMPLE-00007,RNA-Seq,3/7/26,FC-00002,counts,gs://lims-analysis/rna_seq/SAMPLE-00007/2026-03-07/counts.tsv,lims-analysis,,tsv,{}
SAMPLE-00007,RNA-Seq,3/7/26,FC-00002,qc_html,gs://lims-analysis/rna_seq/SAMPLE-00007/2026-03-07/qc_html.html,lims-analysis,,html,{}
SAMPLE-00008,ChIP-Seq,3/8/26,FC-00003,vcf,gs://lims-analysis/chip_seq/SAMPLE-00008/2026-03-08/vcf.vcf.gz,lims-analysis,,vcf.gz,{}
SAMPLE-00008,ChIP-Seq,3/8/26,FC-00003,qc_html,gs://lims-analysis/chip_seq/SAMPLE-00008/2026-03-08/qc_html.html,lims-analysis,,html,{}
SAMPLE-00009,RNA-Seq,3/9/26,FC-00004,counts,gs://lims-analysis/rna_seq/SAMPLE-00009/2026-03-09/counts.tsv,lims-analysis,,tsv,{}
SAMPLE-00009,RNA-Seq,3/9/26,FC-00004,qc_html,gs://lims-analysis/rna_seq/SAMPLE-00009/2026-03-09/qc_html.html,lims-analysis,,html,{}
SAMPLE-00010,ATAC-Seq,3/10/26,FC-00005,counts,gs://lims-analysis/atac_seq/SAMPLE-00010/2026-03-10/counts.tsv,lims-analysis,,tsv,{}
SAMPLE-00010,ATAC-Seq,3/10/26,FC-00005,qc_html,gs://lims-analysis/atac_seq/SAMPLE-00010/2026-03-10/qc_html.html,lims-analysis,,html,{}
SAMPLE-00011,RNA-Seq,3/11/26,FC-00001,counts,gs://lims-analysis/rna_seq/SAMPLE-00011/2026-03-11/counts.tsv,lims-analysis,,tsv,{}
SAMPLE-00011,RNA-Seq,3/11/26,FC-00001,qc_html,gs://lims-analysis/rna_seq/SAMPLE-00011/2026-03-11/qc_html.html,lims-analysis,,html,{}
SAMPLE-00012,RNA-Seq,3/12/26,FC-00002,counts,gs://lims-analysis/rna_seq/SAMPLE-00012/2026-03-12/counts.tsv,lims-analysis,,tsv,{}
SAMPLE-00012,RNA-Seq,3/12/26,FC-00002,qc_html,gs://lims-analysis/rna_seq/SAMPLE-00012/2026-03-12/qc_html.html,lims-analysis,,html,{}
SAMPLE-00013,ChIP-Seq,3/13/26,FC-00003,vcf,gs://lims-analysis/chip_seq/SAMPLE-00013/2026-03-13/vcf.vcf.gz,lims-analysis,,vcf.gz,{}
SAMPLE-00013,ChIP-Seq,3/13/26,FC-00003,qc_html,gs://lims-analysis/chip_seq/SAMPLE-00013/2026-03-13/qc_html.html,lims-analysis,,html,{}
SAMPLE-00014,ChIP-Seq,3/14/26,FC-00004,vcf,gs://lims-analysis/chip_seq/SAMPLE-00014/2026-03-14/vcf.vcf.gz,lims-analysis,,vcf.gz,{}
SAMPLE-00014,ChIP-Seq,3/14/26,FC-00004,qc_html,gs://lims-analysis/chip_seq/SAMPLE-00014/2026-03-14/qc_html.html,lims-analysis,,html,{}
SAMPLE-00015,ATAC-Seq,3/15/26,FC-00005,counts,gs://lims-analysis/atac_seq/SAMPLE-00015/2026-03-15/counts.tsv,lims-analysis,,tsv,{}
SAMPLE-00015,ATAC-Seq,3/15/26,FC-00005,qc_html,gs://lims-analysis/atac_seq/SAMPLE-00015/2026-03-15/qc_html.html,lims-analysis,,html,{}
SAMPLE-00016,ATAC-Seq,3/16/26,FC-00001,counts,gs://lims-analysis/atac_seq/SAMPLE-00016/2026-03-16/counts.tsv,lims-analysis,,tsv,{}
SAMPLE-00016,ATAC-Seq,3/16/26,FC-00001,qc_html,gs://lims-analysis/atac_seq/SAMPLE-00016/2026-03-16/qc_html.html,lims-analysis,,html,{}
SAMPLE-00017,RNA-Seq,3/17/26,FC-00002,counts,gs://lims-analysis/rna_seq/SAMPLE-00017/2026-03-17/counts.tsv,lims-analysis,,tsv,{}
SAMPLE-00017,RNA-Seq,3/17/26,FC-00002,qc_html,gs://lims-analysis/rna_seq/SAMPLE-00017/2026-03-17/qc_html.html,lims-analysis,,html,{}
SAMPLE-00018,ChIP-Seq,3/18/26,FC-00003,vcf,gs://lims-analysis/chip_seq/SAMPLE-00018/2026-03-18/vcf.vcf.gz,lims-analysis,,vcf.gz,{}
SAMPLE-00018,ChIP-Seq,3/18/26,FC-00003,qc_html,gs://lims-analysis/chip_seq/SAMPLE-00018/2026-03-18/qc_html.html,lims-analysis,,html,{}
SAMPLE-00019,RNA-Seq,3/19/26,FC-00004,counts,gs://lims-analysis/rna_seq/SAMPLE-00019/2026-03-19/counts.tsv,lims-analysis,,tsv,{}
SAMPLE-00019,RNA-Seq,3/19/26,FC-00004,qc_html,gs://lims-analysis/rna_seq/SAMPLE-00019/2026-03-19/qc_html.html,lims-analysis,,html,{}
SAMPLE-00020,ATAC-Seq,3/20/26,FC-00005,counts,gs://lims-analysis/atac_seq/SAMPLE-00020/2026-03-20/counts.tsv,lims-analysis,,tsv,{}
SAMPLE-00020,ATAC-Seq,3/20/26,FC-00005,qc_html,gs://lims-analysis/atac_seq/SAMPLE-00020/2026-03-20/qc_html.html,lims-analysis,,html,{}
SAMPLE-00021,RNA-Seq,3/21/26,FC-00001,counts,gs://lims-analysis/rna_seq/SAMPLE-00021/2026-03-21/counts.tsv,lims-analysis,,tsv,{}
SAMPLE-00021,RNA-Seq,3/21/26,FC-00001,qc_html,gs://lims-analysis/rna_seq/SAMPLE-00021/2026-03-21/qc_html.html,lims-analysis,,html,{}
SAMPLE-00022,RNA-Seq,3/22/26,FC-00002,counts,gs://lims-analysis/rna_seq/SAMPLE-00022/2026-03-22/counts.tsv,lims-analysis,,tsv,{}
SAMPLE-00022,RNA-Seq,3/22/26,FC-00002,qc_html,gs://lims-analysis/rna_seq/SAMPLE-00022/2026-03-22/qc_html.html,lims-analysis,,html,{}
SAMPLE-00023,ChIP-Seq,3/23/26,FC-00003,vcf,gs://lims-analysis/chip_seq/SAMPLE-00023/2026-03-23/vcf.vcf.gz,lims-analysis,,vcf.gz,{}
SAMPLE-00023,ChIP-Seq,3/23/26,FC-00003,qc_html,gs://lims-analysis/chip_seq/SAMPLE-00023/2026-03-23/qc_html.html,lims-analysis,,html,{}
SAMPLE-00024,ChIP-Seq,3/24/26,FC-00004,vcf,gs://lims-analysis/chip_seq/SAMPLE-00024/2026-03-24/vcf.vcf.gz,lims-analysis,,vcf.gz,{}
SAMPLE-00024,ChIP-Seq,3/24/26,FC-00004,qc_html,gs://lims-analysis/chip_seq/SAMPLE-00024/2026-03-24/qc_html.html,lims-analysis,,html,{}
SAMPLE-00025,ATAC-Seq,3/25/26,FC-00005,counts,gs://lims-analysis/atac_seq/SAMPLE-00025/2026-03-25/counts.tsv,lims-analysis,,tsv,{}
SAMPLE-00025,ATAC-Seq,3/25/26,FC-00005,qc_html,gs://lims-analysis/atac_seq/SAMPLE-00025/2026-03-25/qc_html.html,lims-analysis,,html,{}
SAMPLE-00026,ATAC-Seq,3/26/26,FC-00001,counts,gs://lims-analysis/atac_seq/SAMPLE-00026/2026-03-26/counts.tsv,lims-analysis,,tsv,{}
SAMPLE-00026,ATAC-Seq,3/26/26,FC-00001,qc_html,gs://lims-analysis/atac_seq/SAMPLE-00026/2026-03-26/qc_html.html,lims-analysis,,html,{}
SAMPLE-00027,RNA-Seq,3/27/26,FC-00002,counts,gs://lims-analysis/rna_seq/SAMPLE-00027/2026-03-27/counts.tsv,lims-analysis,,tsv,{}
SAMPLE-00027,RNA-Seq,3/27/26,FC-00002,qc_html,gs://lims-analysis/rna_seq/SAMPLE-00027/2026-03-27/qc_html.html,lims-analysis,,html,{}
SAMPLE-00028,ChIP-Seq,3/28/26,FC-00003,vcf,gs://lims-analysis/chip_seq/SAMPLE-00028/2026-03-28/vcf.vcf.gz,lims-analysis,,vcf.gz,{}
SAMPLE-00028,ChIP-Seq,3/28/26,FC-00003,qc_html,gs://lims-analysis/chip_seq/SAMPLE-00028/2026-03-28/qc_html.html,lims-analysis,,html,{}
SAMPLE-00029,RNA-Seq,3/29/26,FC-00004,counts,gs://lims-analysis/rna_seq/SAMPLE-00029/2026-03-29/counts.tsv,lims-analysis,,tsv,{}
SAMPLE-00029,RNA-Seq,3/29/26,FC-00004,qc_html,gs://lims-analysis/rna_seq/SAMPLE-00029/2026-03-29/qc_html.html,lims-analysis,,html,{}
SAMPLE-00030,ATAC-Seq,3/30/26,FC-00005,counts,gs://lims-analysis/atac_seq/SAMPLE-00030/2026-03-30/counts.tsv,lims-analysis,,tsv,{}
SAMPLE-00030,ATAC-Seq,3/30/26,FC-00005,qc_html,gs://lims-analysis/atac_seq/SAMPLE-00030/2026-03-30/qc_html.html,lims-analysis,,html,{}
SAMPLE-00031,RNA-Seq,3/31/26,FC-00001,counts,gs://lims-analysis/rna_seq/SAMPLE-00031/2026-03-31/counts.tsv,lims-analysis,,tsv,{}
SAMPLE-00031,RNA-Seq,3/31/26,FC-00001,qc_html,gs://lims-analysis/rna_seq/SAMPLE-00031/2026-03-31/qc_html.html,lims-analysis,,html,{}
SAMPLE-00032,RNA-Seq,4/1/26,FC-00002,counts,gs://lims-analysis/rna_seq/SAMPLE-00032/2026-04-01/counts.tsv,lims-analysis,,tsv,{}
SAMPLE-00032,RNA-Seq,4/1/26,FC-00002,qc_html,gs://lims-analysis/rna_seq/SAMPLE-00032/2026-04-01/qc_html.html,lims-analysis,,html,{}
SAMPLE-00033,ChIP-Seq,4/2/26,FC-00003,vcf,gs://lims-analysis/chip_seq/SAMPLE-00033/2026-04-02/vcf.vcf.gz,lims-analysis,,vcf.gz,{}
SAMPLE-00033,ChIP-Seq,4/2/26,FC-00003,qc_html,gs://lims-analysis/chip_seq/SAMPLE-00033/2026-04-02/qc_html.html,lims-analysis,,html,{}
SAMPLE-00034,ChIP-Seq,4/3/26,FC-00004,vcf,gs://lims-analysis/chip_seq/SAMPLE-00034/2026-04-03/vcf.vcf.gz,lims-analysis,,vcf.gz,{}
SAMPLE-00034,ChIP-Seq,4/3/26,FC-00004,qc_html,gs://lims-analysis/chip_seq/SAMPLE-00034/2026-04-03/qc_html.html,lims-analysis,,html,{}
SAMPLE-00035,ATAC-Seq,4/4/26,FC-00005,counts,gs://lims-analysis/atac_seq/SAMPLE-00035/2026-04-04/counts.tsv,lims-analysis,,tsv,{}
SAMPLE-00035,ATAC-Seq,4/4/26,FC-00005,qc_html,gs://lims-analysis/atac_seq/SAMPLE-00035/2026-04-04/qc_html.html,lims-analysis,,html,{}
SAMPLE-00036,ATAC-Seq,4/5/26,FC-00001,counts,gs://lims-analysis/atac_seq/SAMPLE-00036/2026-04-05/counts.tsv,lims-analysis,,tsv,{}
SAMPLE-00036,ATAC-Seq,4/5/26,FC-00001,qc_html,gs://lims-analysis/atac_seq/SAMPLE-00036/2026-04-05/qc_html.html,lims-analysis,,html,{}
SAMPLE-00037,RNA-Seq,4/6/26,FC-00002,counts,gs://lims-analysis/rna_seq/SAMPLE-00037/2026-04-06/counts.tsv,lims-analysis,,tsv,{}
SAMPLE-00037,RNA-Seq,4/6/26,FC-00002,qc_html,gs://lims-analysis/rna_seq/SAMPLE-00037/2026-04-06/qc_html.html,lims-analysis,,html,{}
SAMPLE-00038,ChIP-Seq,4/7/26,FC-00003,vcf,gs://lims-analysis/chip_seq/SAMPLE-00038/2026-04-07/vcf.vcf.gz,lims-analysis,,vcf.gz,{}
SAMPLE-00038,ChIP-Seq,4/7/26,FC-00003,qc_html,gs://lims-analysis/chip_seq/SAMPLE-00038/2026-04-07/qc_html.html,lims-analysis,,html,{}
SAMPLE-00039,RNA-Seq,4/8/26,FC-00004,counts,gs://lims-analysis/rna_seq/SAMPLE-00039/2026-04-08/counts.tsv,lims-analysis,,tsv,{}
SAMPLE-00039,RNA-Seq,4/8/26,FC-00004,qc_html,gs://lims-analysis/rna_seq/SAMPLE-00039/2026-04-08/qc_html.html,lims-analysis,,html,{}
SAMPLE-00040,ATAC-Seq,4/9/26,FC-00005,counts,gs://lims-analysis/atac_seq/SAMPLE-00040/2026-04-09/counts.tsv,lims-analysis,,tsv,{}
SAMPLE-00040,ATAC-Seq,4/9/26,FC-00005,qc_html,gs://lims-analysis/atac_seq/SAMPLE-00040/2026-04-09/qc_html.html,lims-analysis,,html,{}
SAMPLE-00041,RNA-Seq,4/10/26,FC-00001,counts,gs://lims-analysis/rna_seq/SAMPLE-00041/2026-04-10/counts.tsv,lims-analysis,,tsv,{}
SAMPLE-00041,RNA-Seq,4/10/26,FC-00001,qc_html,gs://lims-analysis/rna_seq/SAMPLE-00041/2026-04-10/qc_html.html,lims-analysis,,html,{}
SAMPLE-00042,RNA-Seq,4/11/26,FC-00002,counts,gs://lims-analysis/rna_seq/SAMPLE-00042/2026-04-11/counts.tsv,lims-analysis,,tsv,{}
SAMPLE-00042,RNA-Seq,4/11/26,FC-00002,qc_html,gs://lims-analysis/rna_seq/SAMPLE-00042/2026-04-11/qc_html.html,lims-analysis,,html,{}
SAMPLE-00043,ChIP-Seq,4/12/26,FC-00003,vcf,gs://lims-analysis/chip_seq/SAMPLE-00043/2026-04-12/vcf.vcf.gz,lims-analysis,,vcf.gz,{}
SAMPLE-00043,ChIP-Seq,4/12/26,FC-00003,qc_html,gs://lims-analysis/chip_seq/SAMPLE-00043/2026-04-12/qc_html.html,lims-analysis,,html,{}
SAMPLE-00044,ChIP-Seq,4/13/26,FC-00004,vcf,gs://lims-analysis/chip_seq/SAMPLE-00044/2026-04-13/vcf.vcf.gz,lims-analysis,,vcf.gz,{}
SAMPLE-00044,ChIP-Seq,4/13/26,FC-00004,qc_html,gs://lims-analysis/chip_seq/SAMPLE-00044/2026-04-13/qc_html.html,lims-analysis,,html,{}
SAMPLE-00045,ATAC-Seq,4/14/26,FC-00005,counts,gs://lims-analysis/atac_seq/SAMPLE-00045/2026-04-14/counts.tsv,lims-analysis,,tsv,{}
SAMPLE-00045,ATAC-Seq,4/14/26,FC-00005,qc_html,gs://lims-analysis/atac_seq/SAMPLE-00045/2026-04-14/qc_html.html,lims-analysis,,html,{}
SAMPLE-00046,ATAC-Seq,4/15/26,FC-00001,counts,gs://lims-analysis/atac_seq/SAMPLE-00046/2026-04-15/counts.tsv,lims-analysis,,tsv,{}
SAMPLE-00046,ATAC-Seq,4/15/26,FC-00001,qc_html,gs://lims-analysis/atac_seq/SAMPLE-00046/2026-04-15/qc_html.html,lims-analysis,,html,{}
SAMPLE-00047,RNA-Seq,4/16/26,FC-00002,counts,gs://lims-analysis/rna_seq/SAMPLE-00047/2026-04-16/counts.tsv,lims-analysis,,tsv,{}
SAMPLE-00047,RNA-Seq,4/16/26,FC-00002,qc_html,gs://lims-analysis/rna_seq/SAMPLE-00047/2026-04-16/qc_html.html,lims-analysis,,html,{}
SAMPLE-00048,ChIP-Seq,4/17/26,FC-00003,vcf,gs://lims-analysis/chip_seq/SAMPLE-00048/2026-04-17/vcf.vcf.gz,lims-analysis,,vcf.gz,{}
SAMPLE-00048,ChIP-Seq,4/17/26,FC-00003,qc_html,gs://lims-analysis/chip_seq/SAMPLE-00048/2026-04-17/qc_html.html,lims-analysis,,html,{}
SAMPLE-00049,RNA-Seq,4/18/26,FC-00004,counts,gs://lims-analysis/rna_seq/SAMPLE-00049/2026-04-18/counts.tsv,lims-analysis,,tsv,{}
SAMPLE-00049,RNA-Seq,4/18/26,FC-00004,qc_html,gs://lims-analysis/rna_seq/SAMPLE-00049/2026-04-18/qc_html.html,lims-analysis,,html,{}
SAMPLE-00050,ATAC-Seq,4/19/26,FC-00005,counts,gs://lims-analysis/atac_seq/SAMPLE-00050/2026-04-19/counts.tsv,lims-analysis,,tsv,{}
SAMPLE-00050,ATAC-Seq,4/19/26,FC-00005,qc_html,gs://lims-analysis/atac_seq/SAMPLE-00050/2026-04-19/qc_html.html,lims-analysis,,html,{}
131_D3_CD3_WT,WholeTranscriptome RNASeq,5/22/26,AAJCH3LM5,fastq,gs://genomics_xavier_bucket/WholeTranscriptome_RNASeq/20260522_NW_RNAseq/bcl_convert_out/bcl_fastqs/sample_fastqs/131_D3_CD3_WT_S15_R1_001.fastq.gz/131_D3_CD3_WT_S15_R1_001.fastq.gz,genomics-xavier-bucket,,fastq.gz,
131_D3_CD3_WT,WholeTranscriptome RNASeq,5/22/26,AAJCH3LM5,fastq,gs://genomics_xavier_bucket/WholeTranscriptome_RNASeq/20260522_NW_RNAseq/bcl_convert_out/bcl_fastqs/sample_fastqs/131_D3_CD3_WT_S15_R2_001.fastq.gz/131_D3_CD3_WT_S15_R2_001.fastq.gz,genomics-xavier-bucket,,fastq.gz,
134_D3_CD3_KO,WholeTranscriptome RNASeq,5/22/26,AAJCH3LM5,fastq,gs://genomics_xavier_bucket/WholeTranscriptome_RNASeq/20260522_NW_RNAseq/bcl_convert_out/bcl_fastqs/sample_fastqs/134_D3_CD3_KO_S16_R1_001.fastq.gz/134_D3_CD3_KO_S16_R1_001.fastq.gz,genomics-xavier-bucket,,fastq.gz,
134_D3_CD3_KO,WholeTranscriptome RNASeq,5/22/26,AAJCH3LM5,fastq,gs://genomics_xavier_bucket/WholeTranscriptome_RNASeq/20260522_NW_RNAseq/bcl_convert_out/bcl_fastqs/sample_fastqs/134_D3_CD3_KO_S16_R2_001.fastq.gz/134_D3_CD3_KO_S16_R2_001.fastq.gz,genomics-xavier-bucket,,fastq.gz,
141_D3_CD3_KO,WholeTranscriptome RNASeq,5/22/26,AAJCH3LM5,fastq,gs://genomics_xavier_bucket/WholeTranscriptome_RNASeq/20260522_NW_RNAseq/bcl_convert_out/bcl_fastqs/sample_fastqs/141_D3_CD3_KO_S17_R1_001.fastq.gz/141_D3_CD3_KO_S17_R1_001.fastq.gz,genomics-xavier-bucket,,fastq.gz,
141_D3_CD3_KO,WholeTranscriptome RNASeq,5/22/26,AAJCH3LM5,fastq,gs://genomics_xavier_bucket/WholeTranscriptome_RNASeq/20260522_NW_RNAseq/bcl_convert_out/bcl_fastqs/sample_fastqs/141_D3_CD3_KO_S17_R2_001.fastq.gz/141_D3_CD3_KO_S17_R2_001.fastq.gz,genomics-xavier-bucket,,fastq.gz,
142_D3_CD3_WT,WholeTranscriptome RNASeq,5/22/26,AAJCH3LM5,fastq,gs://genomics_xavier_bucket/WholeTranscriptome_RNASeq/20260522_NW_RNAseq/bcl_convert_out/bcl_fastqs/sample_fastqs/142_D3_CD3_WT_S18_R1_001.fastq.gz/142_D3_CD3_WT_S18_R1_001.fastq.gz,genomics-xavier-bucket,,fastq.gz,
142_D3_CD3_WT,WholeTranscriptome RNASeq,5/22/26,AAJCH3LM5,fastq,gs://genomics_xavier_bucket/WholeTranscriptome_RNASeq/20260522_NW_RNAseq/bcl_convert_out/bcl_fastqs/sample_fastqs/142_D3_CD3_WT_S18_R2_001.fastq.gz/142_D3_CD3_WT_S18_R2_001.fastq.gz,genomics-xavier-bucket,,fastq.gz,
149_D3_CD3_KO,WholeTranscriptome RNASeq,5/22/26,AAJCH3LM5,fastq,gs://genomics_xavier_bucket/WholeTranscriptome_RNASeq/20260522_NW_RNAseq/bcl_convert_out/bcl_fastqs/sample_fastqs/149_D3_CD3_KO_S19_R1_001.fastq.gz/149_D3_CD3_KO_S19_R1_001.fastq.gz,genomics-xavier-bucket,,fastq.gz,
149_D3_CD3_KO,WholeTranscriptome RNASeq,5/22/26,AAJCH3LM5,fastq,gs://genomics_xavier_bucket/WholeTranscriptome_RNASeq/20260522_NW_RNAseq/bcl_convert_out/bcl_fastqs/sample_fastqs/149_D3_CD3_KO_S19_R2_001.fastq.gz/149_D3_CD3_KO_S19_R2_001.fastq.gz,genomics-xavier-bucket,,fastq.gz,
150_D3_CD3_WT,WholeTranscriptome RNASeq,5/22/26,AAJCH3LM5,fastq,gs://genomics_xavier_bucket/WholeTranscriptome_RNASeq/20260522_NW_RNAseq/bcl_convert_out/bcl_fastqs/sample_fastqs/150_D3_CD3_WT_S20_R1_001.fastq.gz/150_D3_CD3_WT_S20_R1_001.fastq.gz,genomics-xavier-bucket,,fastq.gz,
150_D3_CD3_WT,WholeTranscriptome RNASeq,5/22/26,AAJCH3LM5,fastq,gs://genomics_xavier_bucket/WholeTranscriptome_RNASeq/20260522_NW_RNAseq/bcl_convert_out/bcl_fastqs/sample_fastqs/150_D3_CD3_WT_S20_R2_001.fastq.gz/150_D3_CD3_WT_S20_R2_001.fastq.gz,genomics-xavier-bucket,,fastq.gz,
157_D3_CD3_KO,WholeTranscriptome RNASeq,5/22/26,AAJCH3LM5,fastq,gs://genomics_xavier_bucket/WholeTranscriptome_RNASeq/20260522_NW_RNAseq/bcl_convert_out/bcl_fastqs/sample_fastqs/157_D3_CD3_KO_S21_R1_001.fastq.gz/157_D3_CD3_KO_S21_R1_001.fastq.gz,genomics-xavier-bucket,,fastq.gz,
157_D3_CD3_KO,WholeTranscriptome RNASeq,5/22/26,AAJCH3LM5,fastq,gs://genomics_xavier_bucket/WholeTranscriptome_RNASeq/20260522_NW_RNAseq/bcl_convert_out/bcl_fastqs/sample_fastqs/157_D3_CD3_KO_S21_R2_001.fastq.gz/157_D3_CD3_KO_S21_R2_001.fastq.gz,genomics-xavier-bucket,,fastq.gz,
159_D3_CD3_WT,WholeTranscriptome RNASeq,5/22/26,AAJCH3LM5,fastq,gs://genomics_xavier_bucket/WholeTranscriptome_RNASeq/20260522_NW_RNAseq/bcl_convert_out/bcl_fastqs/sample_fastqs/159_D3_CD3_WT_S22_R1_001.fastq.gz/159_D3_CD3_WT_S22_R1_001.fastq.gz,genomics-xavier-bucket,,fastq.gz,
159_D3_CD3_WT,WholeTranscriptome RNASeq,5/22/26,AAJCH3LM5,fastq,gs://genomics_xavier_bucket/WholeTranscriptome_RNASeq/20260522_NW_RNAseq/bcl_convert_out/bcl_fastqs/sample_fastqs/159_D3_CD3_WT_S22_R2_001.fastq.gz/159_D3_CD3_WT_S22_R2_001.fastq.gz,genomics-xavier-bucket,,fastq.gz,
166_F2_D1_IR_KO,WholeTranscriptome RNASeq,5/22/26,AAJCH3LM5,fastq,gs://genomics_xavier_bucket/WholeTranscriptome_RNASeq/20260522_NW_RNAseq/bcl_convert_out/bcl_fastqs/sample_fastqs/166_F2_D1_IR_KO_S1_R1_001.fastq.gz/166_F2_D1_IR_KO_S1_R1_001.fastq.gz,genomics-xavier-bucket,,fastq.gz,
166_F2_D1_IR_KO,WholeTranscriptome RNASeq,5/22/26,AAJCH3LM5,fastq,gs://genomics_xavier_bucket/WholeTranscriptome_RNASeq/20260522_NW_RNAseq/bcl_convert_out/bcl_fastqs/sample_fastqs/166_F2_D1_IR_KO_S1_R2_001.fastq.gz/166_F2_D1_IR_KO_S1_R2_001.fastq.gz,genomics-xavier-bucket,,fastq.gz,
167_F2_D1_IR_WT,WholeTranscriptome RNASeq,5/22/26,AAJCH3LM5,fastq,gs://genomics_xavier_bucket/WholeTranscriptome_RNASeq/20260522_NW_RNAseq/bcl_convert_out/bcl_fastqs/sample_fastqs/167_F2_D1_IR_WT_S2_R1_001.fastq.gz/167_F2_D1_IR_WT_S2_R1_001.fastq.gz,genomics-xavier-bucket,,fastq.gz,
167_F2_D1_IR_WT,WholeTranscriptome RNASeq,5/22/26,AAJCH3LM5,fastq,gs://genomics_xavier_bucket/WholeTranscriptome_RNASeq/20260522_NW_RNAseq/bcl_convert_out/bcl_fastqs/sample_fastqs/167_F2_D1_IR_WT_S2_R2_001.fastq.gz/167_F2_D1_IR_WT_S2_R2_001.fastq.gz,genomics-xavier-bucket,,fastq.gz,
168_F2_D1_IR_KO,WholeTranscriptome RNASeq,5/22/26,AAJCH3LM5,fastq,gs://genomics_xavier_bucket/WholeTranscriptome_RNASeq/20260522_NW_RNAseq/bcl_convert_out/bcl_fastqs/sample_fastqs/168_F2_D1_IR_KO_S3_R1_001.fastq.gz/168_F2_D1_IR_KO_S3_R1_001.fastq.gz,genomics-xavier-bucket,,fastq.gz,
168_F2_D1_IR_KO,WholeTranscriptome RNASeq,5/22/26,AAJCH3LM5,fastq,gs://genomics_xavier_bucket/WholeTranscriptome_RNASeq/20260522_NW_RNAseq/bcl_convert_out/bcl_fastqs/sample_fastqs/168_F2_D1_IR_KO_S3_R2_001.fastq.gz/168_F2_D1_IR_KO_S3_R2_001.fastq.gz,genomics-xavier-bucket,,fastq.gz,
169_F2_D1_IR_WT,WholeTranscriptome RNASeq,5/22/26,AAJCH3LM5,fastq,gs://genomics_xavier_bucket/WholeTranscriptome_RNASeq/20260522_NW_RNAseq/bcl_convert_out/bcl_fastqs/sample_fastqs/169_F2_D1_IR_WT_S4_R1_001.fastq.gz/169_F2_D1_IR_WT_S4_R1_001.fastq.gz,genomics-xavier-bucket,,fastq.gz,
169_F2_D1_IR_WT,WholeTranscriptome RNASeq,5/22/26,AAJCH3LM5,fastq,gs://genomics_xavier_bucket/WholeTranscriptome_RNASeq/20260522_NW_RNAseq/bcl_convert_out/bcl_fastqs/sample_fastqs/169_F2_D1_IR_WT_S4_R2_001.fastq.gz/169_F2_D1_IR_WT_S4_R2_001.fastq.gz,genomics-xavier-bucket,,fastq.gz,
175_F1_D3_IR_WT,WholeTranscriptome RNASeq,5/22/26,AAJCH3LM5,fastq,gs://genomics_xavier_bucket/WholeTranscriptome_RNASeq/20260522_NW_RNAseq/bcl_convert_out/bcl_fastqs/sample_fastqs/175_F1_D3_IR_WT_S7_R1_001.fastq.gz/175_F1_D3_IR_WT_S7_R1_001.fastq.gz,genomics-xavier-bucket,,fastq.gz,
175_F1_D3_IR_WT,WholeTranscriptome RNASeq,5/22/26,AAJCH3LM5,fastq,gs://genomics_xavier_bucket/WholeTranscriptome_RNASeq/20260522_NW_RNAseq/bcl_convert_out/bcl_fastqs/sample_fastqs/175_F1_D3_IR_WT_S7_R2_001.fastq.gz/175_F1_D3_IR_WT_S7_R2_001.fastq.gz,genomics-xavier-bucket,,fastq.gz,
176_F1_D3_IR_KO,WholeTranscriptome RNASeq,5/22/26,AAJCH3LM5,fastq,gs://genomics_xavier_bucket/WholeTranscriptome_RNASeq/20260522_NW_RNAseq/bcl_convert_out/bcl_fastqs/sample_fastqs/176_F1_D3_IR_KO_S8_R1_001.fastq.gz/176_F1_D3_IR_KO_S8_R1_001.fastq.gz,genomics-xavier-bucket,,fastq.gz,
176_F1_D3_IR_KO,WholeTranscriptome RNASeq,5/22/26,AAJCH3LM5,fastq,gs://genomics_xavier_bucket/WholeTranscriptome_RNASeq/20260522_NW_RNAseq/bcl_convert_out/bcl_fastqs/sample_fastqs/176_F1_D3_IR_KO_S8_R2_001.fastq.gz/176_F1_D3_IR_KO_S8_R2_001.fastq.gz,genomics-xavier-bucket,,fastq.gz,
177_F1_D3_IR_WT,WholeTranscriptome RNASeq,5/22/26,AAJCH3LM5,fastq,gs://genomics_xavier_bucket/WholeTranscriptome_RNASeq/20260522_NW_RNAseq/bcl_convert_out/bcl_fastqs/sample_fastqs/177_F1_D3_IR_WT_S9_R1_001.fastq.gz/177_F1_D3_IR_WT_S9_R1_001.fastq.gz,genomics-xavier-bucket,,fastq.gz,
177_F1_D3_IR_WT,WholeTranscriptome RNASeq,5/22/26,AAJCH3LM5,fastq,gs://genomics_xavier_bucket/WholeTranscriptome_RNASeq/20260522_NW_RNAseq/bcl_convert_out/bcl_fastqs/sample_fastqs/177_F1_D3_IR_WT_S9_R2_001.fastq.gz/177_F1_D3_IR_WT_S9_R2_001.fastq.gz,genomics-xavier-bucket,,fastq.gz,
178_F1_D3_IR_KO,WholeTranscriptome RNASeq,5/22/26,AAJCH3LM5,fastq,gs://genomics_xavier_bucket/WholeTranscriptome_RNASeq/20260522_NW_RNAseq/bcl_convert_out/bcl_fastqs/sample_fastqs/178_F1_D3_IR_KO_S10_R1_001.fastq.gz/178_F1_D3_IR_KO_S10_R1_001.fastq.gz,genomics-xavier-bucket,,fastq.gz,
178_F1_D3_IR_KO,WholeTranscriptome RNASeq,5/22/26,AAJCH3LM5,fastq,gs://genomics_xavier_bucket/WholeTranscriptome_RNASeq/20260522_NW_RNAseq/bcl_convert_out/bcl_fastqs/sample_fastqs/178_F1_D3_IR_KO_S10_R2_001.fastq.gz/178_F1_D3_IR_KO_S10_R2_001.fastq.gz,genomics-xavier-bucket,,fastq.gz,
179_F1_D3_IR_KO,WholeTranscriptome RNASeq,5/22/26,AAJCH3LM5,fastq,gs://genomics_xavier_bucket/WholeTranscriptome_RNASeq/20260522_NW_RNAseq/bcl_convert_out/bcl_fastqs/sample_fastqs/179_F1_D3_IR_KO_S11_R1_001.fastq.gz/179_F1_D3_IR_KO_S11_R1_001.fastq.gz,genomics-xavier-bucket,,fastq.gz,
179_F1_D3_IR_KO,WholeTranscriptome RNASeq,5/22/26,AAJCH3LM5,fastq,gs://genomics_xavier_bucket/WholeTranscriptome_RNASeq/20260522_NW_RNAseq/bcl_convert_out/bcl_fastqs/sample_fastqs/179_F1_D3_IR_KO_S11_R2_001.fastq.gz/179_F1_D3_IR_KO_S11_R2_001.fastq.gz,genomics-xavier-bucket,,fastq.gz,
180_F1_D3_IR_WT,WholeTranscriptome RNASeq,5/22/26,AAJCH3LM5,fastq,gs://genomics_xavier_bucket/WholeTranscriptome_RNASeq/20260522_NW_RNAseq/bcl_convert_out/bcl_fastqs/sample_fastqs/180_F1_D3_IR_WT_S12_R1_001.fastq.gz/180_F1_D3_IR_WT_S12_R1_001.fastq.gz,genomics-xavier-bucket,,fastq.gz,
180_F1_D3_IR_WT,WholeTranscriptome RNASeq,5/22/26,AAJCH3LM5,fastq,gs://genomics_xavier_bucket/WholeTranscriptome_RNASeq/20260522_NW_RNAseq/bcl_convert_out/bcl_fastqs/sample_fastqs/180_F1_D3_IR_WT_S12_R2_001.fastq.gz/180_F1_D3_IR_WT_S12_R2_001.fastq.gz,genomics-xavier-bucket,,fastq.gz,
181_F1_D3_IR_KO,WholeTranscriptome RNASeq,5/22/26,AAJCH3LM5,fastq,gs://genomics_xavier_bucket/WholeTranscriptome_RNASeq/20260522_NW_RNAseq/bcl_convert_out/bcl_fastqs/sample_fastqs/181_F1_D3_IR_KO_S13_R1_001.fastq.gz/181_F1_D3_IR_KO_S13_R1_001.fastq.gz,genomics-xavier-bucket,,fastq.gz,
181_F1_D3_IR_KO,WholeTranscriptome RNASeq,5/22/26,AAJCH3LM5,fastq,gs://genomics_xavier_bucket/WholeTranscriptome_RNASeq/20260522_NW_RNAseq/bcl_convert_out/bcl_fastqs/sample_fastqs/181_F1_D3_IR_KO_S13_R2_001.fastq.gz/181_F1_D3_IR_KO_S13_R2_001.fastq.gz,genomics-xavier-bucket,,fastq.gz,
182_F1_D3_IR_WT,WholeTranscriptome RNASeq,5/22/26,AAJCH3LM5,fastq,gs://genomics_xavier_bucket/WholeTranscriptome_RNASeq/20260522_NW_RNAseq/bcl_convert_out/bcl_fastqs/sample_fastqs/182_F1_D3_IR_WT_S14_R1_001.fastq.gz/182_F1_D3_IR_WT_S14_R1_001.fastq.gz,genomics-xavier-bucket,,fastq.gz,
182_F1_D3_IR_WT,WholeTranscriptome RNASeq,5/22/26,AAJCH3LM5,fastq,gs://genomics_xavier_bucket/WholeTranscriptome_RNASeq/20260522_NW_RNAseq/bcl_convert_out/bcl_fastqs/sample_fastqs/182_F1_D3_IR_WT_S14_R2_001.fastq.gz/182_F1_D3_IR_WT_S14_R2_001.fastq.gz,genomics-xavier-bucket,,fastq.gz,
188_F2_D1_IR_WT,WholeTranscriptome RNASeq,5/22/26,AAJCH3LM5,fastq,gs://genomics_xavier_bucket/WholeTranscriptome_RNASeq/20260522_NW_RNAseq/bcl_convert_out/bcl_fastqs/sample_fastqs/188_F2_D1_IR_WT_S5_R1_001.fastq.gz/188_F2_D1_IR_WT_S5_R1_001.fastq.gz,genomics-xavier-bucket,,fastq.gz,
188_F2_D1_IR_WT,WholeTranscriptome RNASeq,5/22/26,AAJCH3LM5,fastq,gs://genomics_xavier_bucket/WholeTranscriptome_RNASeq/20260522_NW_RNAseq/bcl_convert_out/bcl_fastqs/sample_fastqs/188_F2_D1_IR_WT_S5_R2_001.fastq.gz/188_F2_D1_IR_WT_S5_R2_001.fastq.gz,genomics-xavier-bucket,,fastq.gz,
189_F2_D1_IR_KO,WholeTranscriptome RNASeq,5/22/26,AAJCH3LM5,fastq,gs://genomics_xavier_bucket/WholeTranscriptome_RNASeq/20260522_NW_RNAseq/bcl_convert_out/bcl_fastqs/sample_fastqs/189_F2_D1_IR_KO_S6_R1_001.fastq.gz/189_F2_D1_IR_KO_S6_R1_001.fastq.gz,genomics-xavier-bucket,,fastq.gz,
189_F2_D1_IR_KO,WholeTranscriptome RNASeq,5/22/26,AAJCH3LM5,fastq,gs://genomics_xavier_bucket/WholeTranscriptome_RNASeq/20260522_NW_RNAseq/bcl_convert_out/bcl_fastqs/sample_fastqs/189_F2_D1_IR_KO_S6_R2_001.fastq.gz/189_F2_D1_IR_KO_S6_R2_001.fastq.gz,genomics-xavier-bucket,,fastq.gz,
SCXL-00007,3'GEX,5/20/26,B23VFMKLT4,fastq,gs://fc-769da06b-86fb-4129-98fc-6d10b0216ca3/784_mapping_microbes/fastqs_784_mapping_microbes/8743_1782321787_fastqs/sample_fastqs/784_SCXL-00007_3PGEX/784_SCXL-00007_3PGEX_S11_L003_R1_001.fastq.gz,fc-769da06b-86fb-4129-98fc-6d10b0216ca3,,fastq.gz,
SCXL-00007,3'GEX,5/20/26,B23VFMKLT4,fastq,gs://fc-769da06b-86fb-4129-98fc-6d10b0216ca3/784_mapping_microbes/fastqs_784_mapping_microbes/8743_1782321787_fastqs/sample_fastqs/784_SCXL-00007_3PGEX/784_SCXL-00007_3PGEX_S11_L003_R2_001.fastq.gz,fc-769da06b-86fb-4129-98fc-6d10b0216ca3,,fastq.gz,
SCXL-00007,3'GEX,5/20/26,B23VFMKLT4,fastq,gs://fc-769da06b-86fb-4129-98fc-6d10b0216ca3/784_mapping_microbes/fastqs_784_mapping_microbes/8743_1782321787_fastqs/sample_fastqs/784_SCXL-00007_3PGEX/784_SCXL-00007_3PGEX_S11_L004_R1_001.fastq.gz,fc-769da06b-86fb-4129-98fc-6d10b0216ca3,,fastq.gz,
SCXL-00007,3'GEX,5/20/26,B23VFMKLT4,fastq,gs://fc-769da06b-86fb-4129-98fc-6d10b0216ca3/784_mapping_microbes/fastqs_784_mapping_microbes/8743_1782321787_fastqs/sample_fastqs/784_SCXL-00007_3PGEX/784_SCXL-00007_3PGEX_S11_L004_R2_001.fastq.gz,fc-769da06b-86fb-4129-98fc-6d10b0216ca3,,fastq.gz,
SCXL-00008,3'GEX,5/20/26,B23VFMKLT4,fastq,gs://fc-769da06b-86fb-4129-98fc-6d10b0216ca3/784_mapping_microbes/fastqs_784_mapping_microbes/8743_1782321787_fastqs/sample_fastqs/784_SCXL-00008_3PGEX/784_SCXL-00008_3PGEX_S12_L003_R1_001.fastq.gz,fc-769da06b-86fb-4129-98fc-6d10b0216ca3,,fastq.gz,
SCXL-00008,3'GEX,5/20/26,B23VFMKLT4,fastq,gs://fc-769da06b-86fb-4129-98fc-6d10b0216ca3/784_mapping_microbes/fastqs_784_mapping_microbes/8743_1782321787_fastqs/sample_fastqs/784_SCXL-00008_3PGEX/784_SCXL-00008_3PGEX_S12_L003_R2_001.fastq.gz,fc-769da06b-86fb-4129-98fc-6d10b0216ca3,,fastq.gz,
SCXL-00008,3'GEX,5/20/26,B23VFMKLT4,fastq,gs://fc-769da06b-86fb-4129-98fc-6d10b0216ca3/784_mapping_microbes/fastqs_784_mapping_microbes/8743_1782321787_fastqs/sample_fastqs/784_SCXL-00008_3PGEX/784_SCXL-00008_3PGEX_S12_L004_R1_001.fastq.gz,fc-769da06b-86fb-4129-98fc-6d10b0216ca3,,fastq.gz,
SCXL-00008,3'GEX,5/20/26,B23VFMKLT4,fastq,gs://fc-769da06b-86fb-4129-98fc-6d10b0216ca3/784_mapping_microbes/fastqs_784_mapping_microbes/8743_1782321787_fastqs/sample_fastqs/784_SCXL-00008_3PGEX/784_SCXL-00008_3PGEX_S12_L004_R2_001.fastq.gz,fc-769da06b-86fb-4129-98fc-6d10b0216ca3,,fastq.gz,
SCXL-00009,3'GEX,5/20/26,B23VFMKLT4,fastq,gs://fc-769da06b-86fb-4129-98fc-6d10b0216ca3/784_mapping_microbes/fastqs_784_mapping_microbes/8743_1782321787_fastqs/sample_fastqs/784_SCXL-00009_3PGEX/784_SCXL-00009_3PGEX_S13_L003_R1_001.fastq.gz,fc-769da06b-86fb-4129-98fc-6d10b0216ca3,,fastq.gz,
SCXL-00009,3'GEX,5/20/26,B23VFMKLT4,fastq,gs://fc-769da06b-86fb-4129-98fc-6d10b0216ca3/784_mapping_microbes/fastqs_784_mapping_microbes/8743_1782321787_fastqs/sample_fastqs/784_SCXL-00009_3PGEX/784_SCXL-00009_3PGEX_S13_L003_R2_001.fastq.gz,fc-769da06b-86fb-4129-98fc-6d10b0216ca3,,fastq.gz,
SCXL-00009,3'GEX,5/20/26,B23VFMKLT4,fastq,gs://fc-769da06b-86fb-4129-98fc-6d10b0216ca3/784_mapping_microbes/fastqs_784_mapping_microbes/8743_1782321787_fastqs/sample_fastqs/784_SCXL-00009_3PGEX/784_SCXL-00009_3PGEX_S13_L004_R1_001.fastq.gz,fc-769da06b-86fb-4129-98fc-6d10b0216ca3,,fastq.gz,
SCXL-00009,3'GEX,5/20/26,B23VFMKLT4,fastq,gs://fc-769da06b-86fb-4129-98fc-6d10b0216ca3/784_mapping_microbes/fastqs_784_mapping_microbes/8743_1782321787_fastqs/sample_fastqs/784_SCXL-00009_3PGEX/784_SCXL-00009_3PGEX_S13_L004_R2_001.fastq.gz,fc-769da06b-86fb-4129-98fc-6d10b0216ca3,,fastq.gz,
SCXL-00010,3'GEX,5/20/26,B23VFMKLT4,fastq,gs://fc-769da06b-86fb-4129-98fc-6d10b0216ca3/784_mapping_microbes/fastqs_784_mapping_microbes/8743_1782321787_fastqs/sample_fastqs/784_SCXL-00010_3PGEX/784_SCXL-00010_3PGEX_S14_L003_R1_001.fastq.gz,fc-769da06b-86fb-4129-98fc-6d10b0216ca3,,fastq.gz,
SCXL-00010,3'GEX,5/20/26,B23VFMKLT4,fastq,gs://fc-769da06b-86fb-4129-98fc-6d10b0216ca3/784_mapping_microbes/fastqs_784_mapping_microbes/8743_1782321787_fastqs/sample_fastqs/784_SCXL-00010_3PGEX/784_SCXL-00010_3PGEX_S14_L003_R2_001.fastq.gz,fc-769da06b-86fb-4129-98fc-6d10b0216ca3,,fastq.gz,
SCXL-00010,3'GEX,5/20/26,B23VFMKLT4,fastq,gs://fc-769da06b-86fb-4129-98fc-6d10b0216ca3/784_mapping_microbes/fastqs_784_mapping_microbes/8743_1782321787_fastqs/sample_fastqs/784_SCXL-00010_3PGEX/784_SCXL-00010_3PGEX_S14_L004_R1_001.fastq.gz,fc-769da06b-86fb-4129-98fc-6d10b0216ca3,,fastq.gz,
SCXL-00010,3'GEX,5/20/26,B23VFMKLT4,fastq,gs://fc-769da06b-86fb-4129-98fc-6d10b0216ca3/784_mapping_microbes/fastqs_784_mapping_microbes/8743_1782321787_fastqs/sample_fastqs/784_SCXL-00010_3PGEX/784_SCXL-00010_3PGEX_S14_L004_R2_001.fastq.gz,fc-769da06b-86fb-4129-98fc-6d10b0216ca3,,fastq.gz,
SCXL-00011,3'GEX,5/20/26,B23VFMKLT4,fastq,gs://fc-769da06b-86fb-4129-98fc-6d10b0216ca3/784_mapping_microbes/fastqs_784_mapping_microbes/8743_1782321787_fastqs/sample_fastqs/784_SCXL-00011_3PGEX/784_SCXL-00011_3PGEX_S15_L003_R1_001.fastq.gz,fc-769da06b-86fb-4129-98fc-6d10b0216ca3,,fastq.gz,
SCXL-00011,3'GEX,5/20/26,B23VFMKLT4,fastq,gs://fc-769da06b-86fb-4129-98fc-6d10b0216ca3/784_mapping_microbes/fastqs_784_mapping_microbes/8743_1782321787_fastqs/sample_fastqs/784_SCXL-00011_3PGEX/784_SCXL-00011_3PGEX_S15_L003_R2_001.fastq.gz,fc-769da06b-86fb-4129-98fc-6d10b0216ca3,,fastq.gz,
SCXL-00011,3'GEX,5/20/26,B23VFMKLT4,fastq,gs://fc-769da06b-86fb-4129-98fc-6d10b0216ca3/784_mapping_microbes/fastqs_784_mapping_microbes/8743_1782321787_fastqs/sample_fastqs/784_SCXL-00011_3PGEX/784_SCXL-00011_3PGEX_S15_L004_R1_001.fastq.gz,fc-769da06b-86fb-4129-98fc-6d10b0216ca3,,fastq.gz,
SCXL-00011,3'GEX,5/20/26,B23VFMKLT4,fastq,gs://fc-769da06b-86fb-4129-98fc-6d10b0216ca3/784_mapping_microbes/fastqs_784_mapping_microbes/8743_1782321787_fastqs/sample_fastqs/784_SCXL-00011_3PGEX/784_SCXL-00011_3PGEX_S15_L004_R2_001.fastq.gz,fc-769da06b-86fb-4129-98fc-6d10b0216ca3,,fastq.gz,
SCXL-00012,3'GEX,5/20/26,B23VFMKLT4,fastq,gs://fc-769da06b-86fb-4129-98fc-6d10b0216ca3/784_mapping_microbes/fastqs_784_mapping_microbes/8743_1782321787_fastqs/sample_fastqs/784_SCXL-00012_3PGEX/784_SCXL-00012_3PGEX_S16_L003_R1_001.fastq.gz,fc-769da06b-86fb-4129-98fc-6d10b0216ca3,,fastq.gz,
SCXL-00012,3'GEX,5/20/26,B23VFMKLT4,fastq,gs://fc-769da06b-86fb-4129-98fc-6d10b0216ca3/784_mapping_microbes/fastqs_784_mapping_microbes/8743_1782321787_fastqs/sample_fastqs/784_SCXL-00012_3PGEX/784_SCXL-00012_3PGEX_S16_L003_R2_001.fastq.gz,fc-769da06b-86fb-4129-98fc-6d10b0216ca3,,fastq.gz,
SCXL-00012,3'GEX,5/20/26,B23VFMKLT4,fastq,gs://fc-769da06b-86fb-4129-98fc-6d10b0216ca3/784_mapping_microbes/fastqs_784_mapping_microbes/8743_1782321787_fastqs/sample_fastqs/784_SCXL-00012_3PGEX/784_SCXL-00012_3PGEX_S16_L004_R1_001.fastq.gz,fc-769da06b-86fb-4129-98fc-6d10b0216ca3,,fastq.gz,
SCXL-00012,3'GEX,5/20/26,B23VFMKLT4,fastq,gs://fc-769da06b-86fb-4129-98fc-6d10b0216ca3/784_mapping_microbes/fastqs_784_mapping_microbes/8743_1782321787_fastqs/sample_fastqs/784_SCXL-00012_3PGEX/784_SCXL-00012_3PGEX_S16_L004_R2_001.fastq.gz,fc-769da06b-86fb-4129-98fc-6d10b0216ca3,,fastq.gz,
SCXL-00013,3'GEX,5/20/26,B23VFMKLT4,fastq,gs://fc-769da06b-86fb-4129-98fc-6d10b0216ca3/784_mapping_microbes/fastqs_784_mapping_microbes/8743_1782321787_fastqs/sample_fastqs/784_SCXL-00013_3PGEX/784_SCXL-00013_3PGEX_S17_L003_R1_001.fastq.gz,fc-769da06b-86fb-4129-98fc-6d10b0216ca3,,fastq.gz,
SCXL-00013,3'GEX,5/20/26,B23VFMKLT4,fastq,gs://fc-769da06b-86fb-4129-98fc-6d10b0216ca3/784_mapping_microbes/fastqs_784_mapping_microbes/8743_1782321787_fastqs/sample_fastqs/784_SCXL-00013_3PGEX/784_SCXL-00013_3PGEX_S17_L003_R2_001.fastq.gz,fc-769da06b-86fb-4129-98fc-6d10b0216ca3,,fastq.gz,
SCXL-00013,3'GEX,5/20/26,B23VFMKLT4,fastq,gs://fc-769da06b-86fb-4129-98fc-6d10b0216ca3/784_mapping_microbes/fastqs_784_mapping_microbes/8743_1782321787_fastqs/sample_fastqs/784_SCXL-00013_3PGEX/784_SCXL-00013_3PGEX_S17_L004_R1_001.fastq.gz,fc-769da06b-86fb-4129-98fc-6d10b0216ca3,,fastq.gz,
SCXL-00013,3'GEX,5/20/26,B23VFMKLT4,fastq,gs://fc-769da06b-86fb-4129-98fc-6d10b0216ca3/784_mapping_microbes/fastqs_784_mapping_microbes/8743_1782321787_fastqs/sample_fastqs/784_SCXL-00013_3PGEX/784_SCXL-00013_3PGEX_S17_L004_R2_001.fastq.gz,fc-769da06b-86fb-4129-98fc-6d10b0216ca3,,fastq.gz,
SCXL-00014,3'GEX,5/20/26,B23VFMKLT4,fastq,gs://fc-769da06b-86fb-4129-98fc-6d10b0216ca3/784_mapping_microbes/fastqs_784_mapping_microbes/8743_1782321787_fastqs/sample_fastqs/784_SCXL-00014_3PGEX/784_SCXL-00014_3PGEX_S18_L003_R1_001.fastq.gz,fc-769da06b-86fb-4129-98fc-6d10b0216ca3,,fastq.gz,
SCXL-00014,3'GEX,5/20/26,B23VFMKLT4,fastq,gs://fc-769da06b-86fb-4129-98fc-6d10b0216ca3/784_mapping_microbes/fastqs_784_mapping_microbes/8743_1782321787_fastqs/sample_fastqs/784_SCXL-00014_3PGEX/784_SCXL-00014_3PGEX_S18_L003_R2_001.fastq.gz,fc-769da06b-86fb-4129-98fc-6d10b0216ca3,,fastq.gz,
SCXL-00014,3'GEX,5/20/26,B23VFMKLT4,fastq,gs://fc-769da06b-86fb-4129-98fc-6d10b0216ca3/784_mapping_microbes/fastqs_784_mapping_microbes/8743_1782321787_fastqs/sample_fastqs/784_SCXL-00014_3PGEX/784_SCXL-00014_3PGEX_S18_L004_R1_001.fastq.gz,fc-769da06b-86fb-4129-98fc-6d10b0216ca3,,fastq.gz,
SCXL-00014,3'GEX,5/20/26,B23VFMKLT4,fastq,gs://fc-769da06b-86fb-4129-98fc-6d10b0216ca3/784_mapping_microbes/fastqs_784_mapping_microbes/8743_1782321787_fastqs/sample_fastqs/784_SCXL-00014_3PGEX/784_SCXL-00014_3PGEX_S18_L004_R2_001.fastq.gz,fc-769da06b-86fb-4129-98fc-6d10b0216ca3,,fastq.gz,
SCXL-00015,3'GEX,5/20/26,B23VFMKLT4,fastq,gs://fc-769da06b-86fb-4129-98fc-6d10b0216ca3/784_mapping_microbes/fastqs_784_mapping_microbes/8743_1782321787_fastqs/sample_fastqs/784_SCXL-00015_3PGEX/784_SCXL-00015_3PGEX_S19_L003_R1_001.fastq.gz,fc-769da06b-86fb-4129-98fc-6d10b0216ca3,,fastq.gz,
SCXL-00015,3'GEX,5/20/26,B23VFMKLT4,fastq,gs://fc-769da06b-86fb-4129-98fc-6d10b0216ca3/784_mapping_microbes/fastqs_784_mapping_microbes/8743_1782321787_fastqs/sample_fastqs/784_SCXL-00015_3PGEX/784_SCXL-00015_3PGEX_S19_L003_R2_001.fastq.gz,fc-769da06b-86fb-4129-98fc-6d10b0216ca3,,fastq.gz,
SCXL-00015,3'GEX,5/20/26,B23VFMKLT4,fastq,gs://fc-769da06b-86fb-4129-98fc-6d10b0216ca3/784_mapping_microbes/fastqs_784_mapping_microbes/8743_1782321787_fastqs/sample_fastqs/784_SCXL-00015_3PGEX/784_SCXL-00015_3PGEX_S19_L004_R1_001.fastq.gz,fc-769da06b-86fb-4129-98fc-6d10b0216ca3,,fastq.gz,
SCXL-00015,3'GEX,5/20/26,B23VFMKLT4,fastq,gs://fc-769da06b-86fb-4129-98fc-6d10b0216ca3/784_mapping_microbes/fastqs_784_mapping_microbes/8743_1782321787_fastqs/sample_fastqs/784_SCXL-00015_3PGEX/784_SCXL-00015_3PGEX_S19_L004_R2_001.fastq.gz,fc-769da06b-86fb-4129-98fc-6d10b0216ca3,,fastq.gz,
SCXL-00016,3'GEX,5/20/26,B23VFMKLT4,fastq,gs://fc-769da06b-86fb-4129-98fc-6d10b0216ca3/784_mapping_microbes/fastqs_784_mapping_microbes/8743_1782321787_fastqs/sample_fastqs/784_SCXL-00016_3PGEX/784_SCXL-00016_3PGEX_S20_L003_R1_001.fastq.gz,fc-769da06b-86fb-4129-98fc-6d10b0216ca3,,fastq.gz,
SCXL-00016,3'GEX,5/20/26,B23VFMKLT4,fastq,gs://fc-769da06b-86fb-4129-98fc-6d10b0216ca3/784_mapping_microbes/fastqs_784_mapping_microbes/8743_1782321787_fastqs/sample_fastqs/784_SCXL-00016_3PGEX/784_SCXL-00016_3PGEX_S20_L003_R2_001.fastq.gz,fc-769da06b-86fb-4129-98fc-6d10b0216ca3,,fastq.gz,
SCXL-00016,3'GEX,5/20/26,B23VFMKLT4,fastq,gs://fc-769da06b-86fb-4129-98fc-6d10b0216ca3/784_mapping_microbes/fastqs_784_mapping_microbes/8743_1782321787_fastqs/sample_fastqs/784_SCXL-00016_3PGEX/784_SCXL-00016_3PGEX_S20_L004_R1_001.fastq.gz,fc-769da06b-86fb-4129-98fc-6d10b0216ca3,,fastq.gz,
SCXL-00016,3'GEX,5/20/26,B23VFMKLT4,fastq,gs://fc-769da06b-86fb-4129-98fc-6d10b0216ca3/784_mapping_microbes/fastqs_784_mapping_microbes/8743_1782321787_fastqs/sample_fastqs/784_SCXL-00016_3PGEX/784_SCXL-00016_3PGEX_S20_L004_R2_001.fastq.gz,fc-769da06b-86fb-4129-98fc-6d10b0216ca3,,fastq.gz,
SCXL-00017,3'GEX,5/20/26,B23VFMKLT4,fastq,gs://fc-769da06b-86fb-4129-98fc-6d10b0216ca3/784_mapping_microbes/fastqs_784_mapping_microbes/8743_1782321787_fastqs/sample_fastqs/784_SCXL-00017_3PGEX/784_SCXL-00017_3PGEX_S29_L008_R1_001.fastq.gz,fc-769da06b-86fb-4129-98fc-6d10b0216ca3,,fastq.gz,
SCXL-00017,3'GEX,5/20/26,B23VFMKLT4,fastq,gs://fc-769da06b-86fb-4129-98fc-6d10b0216ca3/784_mapping_microbes/fastqs_784_mapping_microbes/8743_1782321787_fastqs/sample_fastqs/784_SCXL-00017_3PGEX/784_SCXL-00017_3PGEX_S29_L008_R2_001.fastq.gz,fc-769da06b-86fb-4129-98fc-6d10b0216ca3,,fastq.gz,
SCXL-00018,3'GEX,5/20/26,B23VFMKLT4,fastq,gs://fc-769da06b-86fb-4129-98fc-6d10b0216ca3/784_mapping_microbes/fastqs_784_mapping_microbes/8743_1782321787_fastqs/sample_fastqs/784_SCXL-00018_3PGEX/784_SCXL-00018_3PGEX_S30_L008_R1_001.fastq.gz,fc-769da06b-86fb-4129-98fc-6d10b0216ca3,,fastq.gz,
SCXL-00018,3'GEX,5/20/26,B23VFMKLT4,fastq,gs://fc-769da06b-86fb-4129-98fc-6d10b0216ca3/784_mapping_microbes/fastqs_784_mapping_microbes/8743_1782321787_fastqs/sample_fastqs/784_SCXL-00018_3PGEX/784_SCXL-00018_3PGEX_S30_L008_R2_001.fastq.gz,fc-769da06b-86fb-4129-98fc-6d10b0216ca3,,fastq.gz,
SCXL-00019,3'GEX,5/20/26,B23VFMKLT4,fastq,gs://fc-769da06b-86fb-4129-98fc-6d10b0216ca3/784_mapping_microbes/fastqs_784_mapping_microbes/8743_1782321787_fastqs/sample_fastqs/784_SCXL-00019_3PGEX/784_SCXL-00019_3PGEX_S31_L008_R1_001.fastq.gz,fc-769da06b-86fb-4129-98fc-6d10b0216ca3,,fastq.gz,
SCXL-00019,3'GEX,5/20/26,B23VFMKLT4,fastq,gs://fc-769da06b-86fb-4129-98fc-6d10b0216ca3/784_mapping_microbes/fastqs_784_mapping_microbes/8743_1782321787_fastqs/sample_fastqs/784_SCXL-00019_3PGEX/784_SCXL-00019_3PGEX_S31_L008_R2_001.fastq.gz,fc-769da06b-86fb-4129-98fc-6d10b0216ca3,,fastq.gz,
SCXL-00020,3'GEX,5/20/26,B23VFMKLT4,fastq,gs://fc-769da06b-86fb-4129-98fc-6d10b0216ca3/784_mapping_microbes/fastqs_784_mapping_microbes/8743_1782321787_fastqs/sample_fastqs/784_SCXL-00020_3PGEX/784_SCXL-00020_3PGEX_S32_L008_R1_001.fastq.gz,fc-769da06b-86fb-4129-98fc-6d10b0216ca3,,fastq.gz,
SCXL-00020,3'GEX,5/20/26,B23VFMKLT4,fastq,gs://fc-769da06b-86fb-4129-98fc-6d10b0216ca3/784_mapping_microbes/fastqs_784_mapping_microbes/8743_1782321787_fastqs/sample_fastqs/784_SCXL-00020_3PGEX/784_SCXL-00020_3PGEX_S32_L008_R2_001.fastq.gz,fc-769da06b-86fb-4129-98fc-6d10b0216ca3,,fastq.gz,
SCXL-00021,3'GEX,5/20/26,B23VFMKLT4,fastq,gs://fc-769da06b-86fb-4129-98fc-6d10b0216ca3/784_mapping_microbes/fastqs_784_mapping_microbes/8743_1782321787_fastqs/sample_fastqs/784_SCXL-00021_3PGEX/784_SCXL-00021_3PGEX_S33_L008_R1_001.fastq.gz,fc-769da06b-86fb-4129-98fc-6d10b0216ca3,,fastq.gz,
SCXL-00021,3'GEX,5/20/26,B23VFMKLT4,fastq,gs://fc-769da06b-86fb-4129-98fc-6d10b0216ca3/784_mapping_microbes/fastqs_784_mapping_microbes/8743_1782321787_fastqs/sample_fastqs/784_SCXL-00021_3PGEX/784_SCXL-00021_3PGEX_S33_L008_R2_001.fastq.gz,fc-769da06b-86fb-4129-98fc-6d10b0216ca3,,fastq.gz,
SCXL-00022,3'GEX,5/20/26,B23VFMKLT4,fastq,gs://fc-769da06b-86fb-4129-98fc-6d10b0216ca3/784_mapping_microbes/fastqs_784_mapping_microbes/8743_1782321787_fastqs/sample_fastqs/784_SCXL-00022_3PGEX/784_SCXL-00022_3PGEX_S34_L008_R1_001.fastq.gz,fc-769da06b-86fb-4129-98fc-6d10b0216ca3,,fastq.gz,
SCXL-00022,3'GEX,5/20/26,B23VFMKLT4,fastq,gs://fc-769da06b-86fb-4129-98fc-6d10b0216ca3/784_mapping_microbes/fastqs_784_mapping_microbes/8743_1782321787_fastqs/sample_fastqs/784_SCXL-00022_3PGEX/784_SCXL-00022_3PGEX_S34_L008_R2_001.fastq.gz,fc-769da06b-86fb-4129-98fc-6d10b0216ca3,,fastq.gz,
SCXL-00023,3'GEX,5/20/26,B23VFMKLT4,fastq,gs://fc-769da06b-86fb-4129-98fc-6d10b0216ca3/784_mapping_microbes/fastqs_784_mapping_microbes/8743_1782321787_fastqs/sample_fastqs/784_SCXL-00023_3PGEX/784_SCXL-00023_3PGEX_S35_L008_R1_001.fastq.gz,fc-769da06b-86fb-4129-98fc-6d10b0216ca3,,fastq.gz,
SCXL-00023,3'GEX,5/20/26,B23VFMKLT4,fastq,gs://fc-769da06b-86fb-4129-98fc-6d10b0216ca3/784_mapping_microbes/fastqs_784_mapping_microbes/8743_1782321787_fastqs/sample_fastqs/784_SCXL-00023_3PGEX/784_SCXL-00023_3PGEX_S35_L008_R2_001.fastq.gz,fc-769da06b-86fb-4129-98fc-6d10b0216ca3,,fastq.gz,
SCXL-00024,3'GEX,5/20/26,B23VFMKLT4,fastq,gs://fc-769da06b-86fb-4129-98fc-6d10b0216ca3/784_mapping_microbes/fastqs_784_mapping_microbes/8743_1782321787_fastqs/sample_fastqs/784_SCXL-00024_3PGEX/784_SCXL-00024_3PGEX_S36_L008_R1_001.fastq.gz,fc-769da06b-86fb-4129-98fc-6d10b0216ca3,,fastq.gz,
SCXL-00024,3'GEX,5/20/26,B23VFMKLT4,fastq,gs://fc-769da06b-86fb-4129-98fc-6d10b0216ca3/784_mapping_microbes/fastqs_784_mapping_microbes/8743_1782321787_fastqs/sample_fastqs/784_SCXL-00024_3PGEX/784_SCXL-00024_3PGEX_S36_L008_R2_001.fastq.gz,fc-769da06b-86fb-4129-98fc-6d10b0216ca3,,fastq.gz,
SCXL-00025,3'GEX,5/20/26,B23VFMKLT4,fastq,gs://fc-769da06b-86fb-4129-98fc-6d10b0216ca3/784_mapping_microbes/fastqs_784_mapping_microbes/8743_1782321787_fastqs/sample_fastqs/784_SCXL-00025_3PGEX/784_SCXL-00025_3PGEX_S1_L001_R1_001.fastq.gz,fc-769da06b-86fb-4129-98fc-6d10b0216ca3,,fastq.gz,
SCXL-00025,3'GEX,5/20/26,B23VFMKLT4,fastq,gs://fc-769da06b-86fb-4129-98fc-6d10b0216ca3/784_mapping_microbes/fastqs_784_mapping_microbes/8743_1782321787_fastqs/sample_fastqs/784_SCXL-00025_3PGEX/784_SCXL-00025_3PGEX_S1_L001_R2_001.fastq.gz,fc-769da06b-86fb-4129-98fc-6d10b0216ca3,,fastq.gz,
SCXL-00025,3'GEX,5/20/26,B23VFMKLT4,fastq,gs://fc-769da06b-86fb-4129-98fc-6d10b0216ca3/784_mapping_microbes/fastqs_784_mapping_microbes/8743_1782321787_fastqs/sample_fastqs/784_SCXL-00025_3PGEX/784_SCXL-00025_3PGEX_S1_L002_R1_001.fastq.gz,fc-769da06b-86fb-4129-98fc-6d10b0216ca3,,fastq.gz,
SCXL-00025,3'GEX,5/20/26,B23VFMKLT4,fastq,gs://fc-769da06b-86fb-4129-98fc-6d10b0216ca3/784_mapping_microbes/fastqs_784_mapping_microbes/8743_1782321787_fastqs/sample_fastqs/784_SCXL-00025_3PGEX/784_SCXL-00025_3PGEX_S1_L002_R2_001.fastq.gz,fc-769da06b-86fb-4129-98fc-6d10b0216ca3,,fastq.gz,
SCXL-00026,3'GEX,5/20/26,B23VFMKLT4,fastq,gs://fc-769da06b-86fb-4129-98fc-6d10b0216ca3/784_mapping_microbes/fastqs_784_mapping_microbes/8743_1782321787_fastqs/sample_fastqs/784_SCXL-00026_3PGEX/784_SCXL-00026_3PGEX_S2_L001_R1_001.fastq.gz,fc-769da06b-86fb-4129-98fc-6d10b0216ca3,,fastq.gz,
SCXL-00026,3'GEX,5/20/26,B23VFMKLT4,fastq,gs://fc-769da06b-86fb-4129-98fc-6d10b0216ca3/784_mapping_microbes/fastqs_784_mapping_microbes/8743_1782321787_fastqs/sample_fastqs/784_SCXL-00026_3PGEX/784_SCXL-00026_3PGEX_S2_L001_R2_001.fastq.gz,fc-769da06b-86fb-4129-98fc-6d10b0216ca3,,fastq.gz,
SCXL-00026,3'GEX,5/20/26,B23VFMKLT4,fastq,gs://fc-769da06b-86fb-4129-98fc-6d10b0216ca3/784_mapping_microbes/fastqs_784_mapping_microbes/8743_1782321787_fastqs/sample_fastqs/784_SCXL-00026_3PGEX/784_SCXL-00026_3PGEX_S2_L002_R1_001.fastq.gz,fc-769da06b-86fb-4129-98fc-6d10b0216ca3,,fastq.gz,
SCXL-00026,3'GEX,5/20/26,B23VFMKLT4,fastq,gs://fc-769da06b-86fb-4129-98fc-6d10b0216ca3/784_mapping_microbes/fastqs_784_mapping_microbes/8743_1782321787_fastqs/sample_fastqs/784_SCXL-00026_3PGEX/784_SCXL-00026_3PGEX_S2_L002_R2_001.fastq.gz,fc-769da06b-86fb-4129-98fc-6d10b0216ca3,,fastq.gz,
SCXL-00027,3'GEX,5/20/26,B23VFMKLT4,fastq,gs://fc-769da06b-86fb-4129-98fc-6d10b0216ca3/784_mapping_microbes/fastqs_784_mapping_microbes/8743_1782321787_fastqs/sample_fastqs/784_SCXL-00027_3PGEX/784_SCXL-00027_3PGEX_S3_L001_R1_001.fastq.gz,fc-769da06b-86fb-4129-98fc-6d10b0216ca3,,fastq.gz,
SCXL-00027,3'GEX,5/20/26,B23VFMKLT4,fastq,gs://fc-769da06b-86fb-4129-98fc-6d10b0216ca3/784_mapping_microbes/fastqs_784_mapping_microbes/8743_1782321787_fastqs/sample_fastqs/784_SCXL-00027_3PGEX/784_SCXL-00027_3PGEX_S3_L001_R2_001.fastq.gz,fc-769da06b-86fb-4129-98fc-6d10b0216ca3,,fastq.gz,
SCXL-00027,3'GEX,5/20/26,B23VFMKLT4,fastq,gs://fc-769da06b-86fb-4129-98fc-6d10b0216ca3/784_mapping_microbes/fastqs_784_mapping_microbes/8743_1782321787_fastqs/sample_fastqs/784_SCXL-00027_3PGEX/784_SCXL-00027_3PGEX_S3_L002_R1_001.fastq.gz,fc-769da06b-86fb-4129-98fc-6d10b0216ca3,,fastq.gz,
SCXL-00027,3'GEX,5/20/26,B23VFMKLT4,fastq,gs://fc-769da06b-86fb-4129-98fc-6d10b0216ca3/784_mapping_microbes/fastqs_784_mapping_microbes/8743_1782321787_fastqs/sample_fastqs/784_SCXL-00027_3PGEX/784_SCXL-00027_3PGEX_S3_L002_R2_001.fastq.gz,fc-769da06b-86fb-4129-98fc-6d10b0216ca3,,fastq.gz,
SCXL-00028,3'GEX,5/20/26,B23VFMKLT4,fastq,gs://fc-769da06b-86fb-4129-98fc-6d10b0216ca3/784_mapping_microbes/fastqs_784_mapping_microbes/8743_1782321787_fastqs/sample_fastqs/784_SCXL-00028_3PGEX/784_SCXL-00028_3PGEX_S4_L001_R1_001.fastq.gz,fc-769da06b-86fb-4129-98fc-6d10b0216ca3,,fastq.gz,
SCXL-00028,3'GEX,5/20/26,B23VFMKLT4,fastq,gs://fc-769da06b-86fb-4129-98fc-6d10b0216ca3/784_mapping_microbes/fastqs_784_mapping_microbes/8743_1782321787_fastqs/sample_fastqs/784_SCXL-00028_3PGEX/784_SCXL-00028_3PGEX_S4_L001_R2_001.fastq.gz,fc-769da06b-86fb-4129-98fc-6d10b0216ca3,,fastq.gz,
SCXL-00028,3'GEX,5/20/26,B23VFMKLT4,fastq,gs://fc-769da06b-86fb-4129-98fc-6d10b0216ca3/784_mapping_microbes/fastqs_784_mapping_microbes/8743_1782321787_fastqs/sample_fastqs/784_SCXL-00028_3PGEX/784_SCXL-00028_3PGEX_S4_L002_R1_001.fastq.gz,fc-769da06b-86fb-4129-98fc-6d10b0216ca3,,fastq.gz,
SCXL-00028,3'GEX,5/20/26,B23VFMKLT4,fastq,gs://fc-769da06b-86fb-4129-98fc-6d10b0216ca3/784_mapping_microbes/fastqs_784_mapping_microbes/8743_1782321787_fastqs/sample_fastqs/784_SCXL-00028_3PGEX/784_SCXL-00028_3PGEX_S4_L002_R2_001.fastq.gz,fc-769da06b-86fb-4129-98fc-6d10b0216ca3,,fastq.gz,
SCXL-00029,3'GEX,5/20/26,B23VFMKLT4,fastq,gs://fc-769da06b-86fb-4129-98fc-6d10b0216ca3/784_mapping_microbes/fastqs_784_mapping_microbes/8743_1782321787_fastqs/sample_fastqs/784_SCXL-00029_3PGEX/784_SCXL-00029_3PGEX_S5_L001_R1_001.fastq.gz,fc-769da06b-86fb-4129-98fc-6d10b0216ca3,,fastq.gz,
SCXL-00029,3'GEX,5/20/26,B23VFMKLT4,fastq,gs://fc-769da06b-86fb-4129-98fc-6d10b0216ca3/784_mapping_microbes/fastqs_784_mapping_microbes/8743_1782321787_fastqs/sample_fastqs/784_SCXL-00029_3PGEX/784_SCXL-00029_3PGEX_S5_L001_R2_001.fastq.gz,fc-769da06b-86fb-4129-98fc-6d10b0216ca3,,fastq.gz,
SCXL-00029,3'GEX,5/20/26,B23VFMKLT4,fastq,gs://fc-769da06b-86fb-4129-98fc-6d10b0216ca3/784_mapping_microbes/fastqs_784_mapping_microbes/8743_1782321787_fastqs/sample_fastqs/784_SCXL-00029_3PGEX/784_SCXL-00029_3PGEX_S5_L002_R1_001.fastq.gz,fc-769da06b-86fb-4129-98fc-6d10b0216ca3,,fastq.gz,
SCXL-00029,3'GEX,5/20/26,B23VFMKLT4,fastq,gs://fc-769da06b-86fb-4129-98fc-6d10b0216ca3/784_mapping_microbes/fastqs_784_mapping_microbes/8743_1782321787_fastqs/sample_fastqs/784_SCXL-00029_3PGEX/784_SCXL-00029_3PGEX_S5_L002_R2_001.fastq.gz,fc-769da06b-86fb-4129-98fc-6d10b0216ca3,,fastq.gz,
SCXL-00030,3'GEX,5/20/26,B23VFMKLT4,fastq,gs://fc-769da06b-86fb-4129-98fc-6d10b0216ca3/784_mapping_microbes/fastqs_784_mapping_microbes/8743_1782321787_fastqs/sample_fastqs/784_SCXL-00030_3PGEX/784_SCXL-00030_3PGEX_S6_L001_R1_001.fastq.gz,fc-769da06b-86fb-4129-98fc-6d10b0216ca3,,fastq.gz,
SCXL-00030,3'GEX,5/20/26,B23VFMKLT4,fastq,gs://fc-769da06b-86fb-4129-98fc-6d10b0216ca3/784_mapping_microbes/fastqs_784_mapping_microbes/8743_1782321787_fastqs/sample_fastqs/784_SCXL-00030_3PGEX/784_SCXL-00030_3PGEX_S6_L001_R2_001.fastq.gz,fc-769da06b-86fb-4129-98fc-6d10b0216ca3,,fastq.gz,
SCXL-00030,3'GEX,5/20/26,B23VFMKLT4,fastq,gs://fc-769da06b-86fb-4129-98fc-6d10b0216ca3/784_mapping_microbes/fastqs_784_mapping_microbes/8743_1782321787_fastqs/sample_fastqs/784_SCXL-00030_3PGEX/784_SCXL-00030_3PGEX_S6_L002_R1_001.fastq.gz,fc-769da06b-86fb-4129-98fc-6d10b0216ca3,,fastq.gz,
SCXL-00030,3'GEX,5/20/26,B23VFMKLT4,fastq,gs://fc-769da06b-86fb-4129-98fc-6d10b0216ca3/784_mapping_microbes/fastqs_784_mapping_microbes/8743_1782321787_fastqs/sample_fastqs/784_SCXL-00030_3PGEX/784_SCXL-00030_3PGEX_S6_L002_R2_001.fastq.gz,fc-769da06b-86fb-4129-98fc-6d10b0216ca3,,fastq.gz,
SCXL-00031,3'GEX,5/20/26,B23VFMKLT4,fastq,gs://fc-769da06b-86fb-4129-98fc-6d10b0216ca3/784_mapping_microbes/fastqs_784_mapping_microbes/8743_1782321787_fastqs/sample_fastqs/784_SCXL-00031_3PGEX/784_SCXL-00031_3PGEX_S7_L001_R1_001.fastq.gz,fc-769da06b-86fb-4129-98fc-6d10b0216ca3,,fastq.gz,
SCXL-00031,3'GEX,5/20/26,B23VFMKLT4,fastq,gs://fc-769da06b-86fb-4129-98fc-6d10b0216ca3/784_mapping_microbes/fastqs_784_mapping_microbes/8743_1782321787_fastqs/sample_fastqs/784_SCXL-00031_3PGEX/784_SCXL-00031_3PGEX_S7_L001_R2_001.fastq.gz,fc-769da06b-86fb-4129-98fc-6d10b0216ca3,,fastq.gz,
SCXL-00031,3'GEX,5/20/26,B23VFMKLT4,fastq,gs://fc-769da06b-86fb-4129-98fc-6d10b0216ca3/784_mapping_microbes/fastqs_784_mapping_microbes/8743_1782321787_fastqs/sample_fastqs/784_SCXL-00031_3PGEX/784_SCXL-00031_3PGEX_S7_L002_R1_001.fastq.gz,fc-769da06b-86fb-4129-98fc-6d10b0216ca3,,fastq.gz,
SCXL-00031,3'GEX,5/20/26,B23VFMKLT4,fastq,gs://fc-769da06b-86fb-4129-98fc-6d10b0216ca3/784_mapping_microbes/fastqs_784_mapping_microbes/8743_1782321787_fastqs/sample_fastqs/784_SCXL-00031_3PGEX/784_SCXL-00031_3PGEX_S7_L002_R2_001.fastq.gz,fc-769da06b-86fb-4129-98fc-6d10b0216ca3,,fastq.gz,
SCXL-00032,3'GEX,5/20/26,B23VFMKLT4,fastq,gs://fc-769da06b-86fb-4129-98fc-6d10b0216ca3/784_mapping_microbes/fastqs_784_mapping_microbes/8743_1782321787_fastqs/sample_fastqs/784_SCXL-00032_3PGEX/784_SCXL-00032_3PGEX_S8_L001_R1_001.fastq.gz,fc-769da06b-86fb-4129-98fc-6d10b0216ca3,,fastq.gz,
SCXL-00032,3'GEX,5/20/26,B23VFMKLT4,fastq,gs://fc-769da06b-86fb-4129-98fc-6d10b0216ca3/784_mapping_microbes/fastqs_784_mapping_microbes/8743_1782321787_fastqs/sample_fastqs/784_SCXL-00032_3PGEX/784_SCXL-00032_3PGEX_S8_L001_R2_001.fastq.gz,fc-769da06b-86fb-4129-98fc-6d10b0216ca3,,fastq.gz,
SCXL-00032,3'GEX,5/20/26,B23VFMKLT4,fastq,gs://fc-769da06b-86fb-4129-98fc-6d10b0216ca3/784_mapping_microbes/fastqs_784_mapping_microbes/8743_1782321787_fastqs/sample_fastqs/784_SCXL-00032_3PGEX/784_SCXL-00032_3PGEX_S8_L002_R1_001.fastq.gz,fc-769da06b-86fb-4129-98fc-6d10b0216ca3,,fastq.gz,
SCXL-00032,3'GEX,5/20/26,B23VFMKLT4,fastq,gs://fc-769da06b-86fb-4129-98fc-6d10b0216ca3/784_mapping_microbes/fastqs_784_mapping_microbes/8743_1782321787_fastqs/sample_fastqs/784_SCXL-00032_3PGEX/784_SCXL-00032_3PGEX_S8_L002_R2_001.fastq.gz,fc-769da06b-86fb-4129-98fc-6d10b0216ca3,,fastq.gz,
SCXL-00033,3'GEX,5/20/26,B23VFMKLT4,fastq,gs://fc-769da06b-86fb-4129-98fc-6d10b0216ca3/784_mapping_microbes/fastqs_784_mapping_microbes/8743_1782321787_fastqs/sample_fastqs/784_SCXL-00033_3PGEX/784_SCXL-00033_3PGEX_S9_L001_R1_001.fastq.gz,fc-769da06b-86fb-4129-98fc-6d10b0216ca3,,fastq.gz,
SCXL-00033,3'GEX,5/20/26,B23VFMKLT4,fastq,gs://fc-769da06b-86fb-4129-98fc-6d10b0216ca3/784_mapping_microbes/fastqs_784_mapping_microbes/8743_1782321787_fastqs/sample_fastqs/784_SCXL-00033_3PGEX/784_SCXL-00033_3PGEX_S9_L001_R2_001.fastq.gz,fc-769da06b-86fb-4129-98fc-6d10b0216ca3,,fastq.gz,
SCXL-00033,3'GEX,5/20/26,B23VFMKLT4,fastq,gs://fc-769da06b-86fb-4129-98fc-6d10b0216ca3/784_mapping_microbes/fastqs_784_mapping_microbes/8743_1782321787_fastqs/sample_fastqs/784_SCXL-00033_3PGEX/784_SCXL-00033_3PGEX_S9_L002_R1_001.fastq.gz,fc-769da06b-86fb-4129-98fc-6d10b0216ca3,,fastq.gz,
SCXL-00033,3'GEX,5/20/26,B23VFMKLT4,fastq,gs://fc-769da06b-86fb-4129-98fc-6d10b0216ca3/784_mapping_microbes/fastqs_784_mapping_microbes/8743_1782321787_fastqs/sample_fastqs/784_SCXL-00033_3PGEX/784_SCXL-00033_3PGEX_S9_L002_R2_001.fastq.gz,fc-769da06b-86fb-4129-98fc-6d10b0216ca3,,fastq.gz,
SCXL-00034,3'GEX,5/20/26,B23VFMKLT4,fastq,gs://fc-769da06b-86fb-4129-98fc-6d10b0216ca3/784_mapping_microbes/fastqs_784_mapping_microbes/8743_1782321787_fastqs/sample_fastqs/784_SCXL-00034_3PGEX/784_SCXL-00034_3PGEX_S10_L001_R1_001.fastq.gz,fc-769da06b-86fb-4129-98fc-6d10b0216ca3,,fastq.gz,
SCXL-00034,3'GEX,5/20/26,B23VFMKLT4,fastq,gs://fc-769da06b-86fb-4129-98fc-6d10b0216ca3/784_mapping_microbes/fastqs_784_mapping_microbes/8743_1782321787_fastqs/sample_fastqs/784_SCXL-00034_3PGEX/784_SCXL-00034_3PGEX_S10_L001_R2_001.fastq.gz,fc-769da06b-86fb-4129-98fc-6d10b0216ca3,,fastq.gz,
SCXL-00034,3'GEX,5/20/26,B23VFMKLT4,fastq,gs://fc-769da06b-86fb-4129-98fc-6d10b0216ca3/784_mapping_microbes/fastqs_784_mapping_microbes/8743_1782321787_fastqs/sample_fastqs/784_SCXL-00034_3PGEX/784_SCXL-00034_3PGEX_S10_L002_R1_001.fastq.gz,fc-769da06b-86fb-4129-98fc-6d10b0216ca3,,fastq.gz,
SCXL-00034,3'GEX,5/20/26,B23VFMKLT4,fastq,gs://fc-769da06b-86fb-4129-98fc-6d10b0216ca3/784_mapping_microbes/fastqs_784_mapping_microbes/8743_1782321787_fastqs/sample_fastqs/784_SCXL-00034_3PGEX/784_SCXL-00034_3PGEX_S10_L002_R2_001.fastq.gz,fc-769da06b-86fb-4129-98fc-6d10b0216ca3,,fastq.gz,
SCXL-00035,3'GEX,5/20/26,B23VFMKLT4,fastq,gs://fc-769da06b-86fb-4129-98fc-6d10b0216ca3/784_mapping_microbes/fastqs_784_mapping_microbes/8743_1782321787_fastqs/sample_fastqs/784_SCXL-00035_3PGEX/784_SCXL-00035_3PGEX_S21_L007_R1_001.fastq.gz,fc-769da06b-86fb-4129-98fc-6d10b0216ca3,,fastq.gz,
SCXL-00035,3'GEX,5/20/26,B23VFMKLT4,fastq,gs://fc-769da06b-86fb-4129-98fc-6d10b0216ca3/784_mapping_microbes/fastqs_784_mapping_microbes/8743_1782321787_fastqs/sample_fastqs/784_SCXL-00035_3PGEX/784_SCXL-00035_3PGEX_S21_L007_R2_001.fastq.gz,fc-769da06b-86fb-4129-98fc-6d10b0216ca3,,fastq.gz,
SCXL-00036,3'GEX,5/20/26,B23VFMKLT4,fastq,gs://fc-769da06b-86fb-4129-98fc-6d10b0216ca3/784_mapping_microbes/fastqs_784_mapping_microbes/8743_1782321787_fastqs/sample_fastqs/784_SCXL-00036_3PGEX/784_SCXL-00036_3PGEX_S22_L007_R1_001.fastq.gz,fc-769da06b-86fb-4129-98fc-6d10b0216ca3,,fastq.gz,
SCXL-00036,3'GEX,5/20/26,B23VFMKLT4,fastq,gs://fc-769da06b-86fb-4129-98fc-6d10b0216ca3/784_mapping_microbes/fastqs_784_mapping_microbes/8743_1782321787_fastqs/sample_fastqs/784_SCXL-00036_3PGEX/784_SCXL-00036_3PGEX_S22_L007_R2_001.fastq.gz,fc-769da06b-86fb-4129-98fc-6d10b0216ca3,,fastq.gz,
SCXL-00037,3'GEX,5/20/26,B23VFMKLT4,fastq,gs://fc-769da06b-86fb-4129-98fc-6d10b0216ca3/784_mapping_microbes/fastqs_784_mapping_microbes/8743_1782321787_fastqs/sample_fastqs/784_SCXL-00037_3PGEX/784_SCXL-00037_3PGEX_S23_L007_R1_001.fastq.gz,fc-769da06b-86fb-4129-98fc-6d10b0216ca3,,fastq.gz,
SCXL-00037,3'GEX,5/20/26,B23VFMKLT4,fastq,gs://fc-769da06b-86fb-4129-98fc-6d10b0216ca3/784_mapping_microbes/fastqs_784_mapping_microbes/8743_1782321787_fastqs/sample_fastqs/784_SCXL-00037_3PGEX/784_SCXL-00037_3PGEX_S23_L007_R2_001.fastq.gz,fc-769da06b-86fb-4129-98fc-6d10b0216ca3,,fastq.gz,
SCXL-00038,3'GEX,5/20/26,B23VFMKLT4,fastq,gs://fc-769da06b-86fb-4129-98fc-6d10b0216ca3/784_mapping_microbes/fastqs_784_mapping_microbes/8743_1782321787_fastqs/sample_fastqs/784_SCXL-00038_3PGEX/784_SCXL-00038_3PGEX_S24_L007_R1_001.fastq.gz,fc-769da06b-86fb-4129-98fc-6d10b0216ca3,,fastq.gz,
SCXL-00038,3'GEX,5/20/26,B23VFMKLT4,fastq,gs://fc-769da06b-86fb-4129-98fc-6d10b0216ca3/784_mapping_microbes/fastqs_784_mapping_microbes/8743_1782321787_fastqs/sample_fastqs/784_SCXL-00038_3PGEX/784_SCXL-00038_3PGEX_S24_L007_R2_001.fastq.gz,fc-769da06b-86fb-4129-98fc-6d10b0216ca3,,fastq.gz,
SCXL-00039,3'GEX,5/20/26,B23VFMKLT4,fastq,gs://fc-769da06b-86fb-4129-98fc-6d10b0216ca3/784_mapping_microbes/fastqs_784_mapping_microbes/8743_1782321787_fastqs/sample_fastqs/784_SCXL-00039_3PGEX/784_SCXL-00039_3PGEX_S25_L007_R1_001.fastq.gz,fc-769da06b-86fb-4129-98fc-6d10b0216ca3,,fastq.gz,
SCXL-00039,3'GEX,5/20/26,B23VFMKLT4,fastq,gs://fc-769da06b-86fb-4129-98fc-6d10b0216ca3/784_mapping_microbes/fastqs_784_mapping_microbes/8743_1782321787_fastqs/sample_fastqs/784_SCXL-00039_3PGEX/784_SCXL-00039_3PGEX_S25_L007_R2_001.fastq.gz,fc-769da06b-86fb-4129-98fc-6d10b0216ca3,,fastq.gz,
SCXL-00040,3'GEX,5/20/26,B23VFMKLT4,fastq,gs://fc-769da06b-86fb-4129-98fc-6d10b0216ca3/784_mapping_microbes/fastqs_784_mapping_microbes/8743_1782321787_fastqs/sample_fastqs/784_SCXL-00040_3PGEX/784_SCXL-00040_3PGEX_S26_L007_R1_001.fastq.gz,fc-769da06b-86fb-4129-98fc-6d10b0216ca3,,fastq.gz,
SCXL-00040,3'GEX,5/20/26,B23VFMKLT4,fastq,gs://fc-769da06b-86fb-4129-98fc-6d10b0216ca3/784_mapping_microbes/fastqs_784_mapping_microbes/8743_1782321787_fastqs/sample_fastqs/784_SCXL-00040_3PGEX/784_SCXL-00040_3PGEX_S26_L007_R2_001.fastq.gz,fc-769da06b-86fb-4129-98fc-6d10b0216ca3,,fastq.gz,
SCXL-00041,3'GEX,5/20/26,B23VFMKLT4,fastq,gs://fc-769da06b-86fb-4129-98fc-6d10b0216ca3/784_mapping_microbes/fastqs_784_mapping_microbes/8743_1782321787_fastqs/sample_fastqs/784_SCXL-00041_3PGEX/784_SCXL-00041_3PGEX_S27_L007_R1_001.fastq.gz,fc-769da06b-86fb-4129-98fc-6d10b0216ca3,,fastq.gz,
SCXL-00041,3'GEX,5/20/26,B23VFMKLT4,fastq,gs://fc-769da06b-86fb-4129-98fc-6d10b0216ca3/784_mapping_microbes/fastqs_784_mapping_microbes/8743_1782321787_fastqs/sample_fastqs/784_SCXL-00041_3PGEX/784_SCXL-00041_3PGEX_S27_L007_R2_001.fastq.gz,fc-769da06b-86fb-4129-98fc-6d10b0216ca3,,fastq.gz,
SCXL-00042,3'GEX,5/20/26,B23VFMKLT4,fastq,gs://fc-769da06b-86fb-4129-98fc-6d10b0216ca3/784_mapping_microbes/fastqs_784_mapping_microbes/8743_1782321787_fastqs/sample_fastqs/784_SCXL-00042_3PGEX/784_SCXL-00042_3PGEX_S28_L007_R1_001.fastq.gz,fc-769da06b-86fb-4129-98fc-6d10b0216ca3,,fastq.gz,
SCXL-00042,3'GEX,5/20/26,B23VFMKLT4,fastq,gs://fc-769da06b-86fb-4129-98fc-6d10b0216ca3/784_mapping_microbes/fastqs_784_mapping_microbes/8743_1782321787_fastqs/sample_fastqs/784_SCXL-00042_3PGEX/784_SCXL-00042_3PGEX_S28_L007_R2_001.fastq.gz,fc-769da06b-86fb-4129-98fc-6d10b0216ca3,,fastq.gz,