sample_name,assay_type,library_prep_date,flowcell_id,lane,index_sequence,extra_metadata
SAMPLE-00001,RNA-Seq,3/1/26,FC-00001,1,ATCGTG,"{""pool"": ""A""}"
SAMPLE-00002,RNA-Seq,3/2/26,FC-00002,1,GCTAAC,"{""pool"": ""A""}"
SAMPLE-00003,ChIP-Seq,3/3/26,FC-00003,2,TTGGCA,"{""antibody"": ""H3K27ac""}"
SAMPLE-00004,ChIP-Seq,3/4/26,FC-00004,2,CGATGT,"{""antibody"": ""H3K4me3""}"
SAMPLE-00005,ATAC-Seq,3/5/26,FC-00005,3,AACCGG,"{""qc"": ""pass""}"
SAMPLE-00006,ATAC-Seq,3/6/26,FC-00001,2,ATCGTG,"{""pool"": ""B""}"
SAMPLE-00007,RNA-Seq,3/7/26,FC-00002,2,GCTAAC,"{""pool"": ""B""}"
SAMPLE-00008,ChIP-Seq,3/8/26,FC-00003,3,TTGGCA,"{""antibody"": ""H3K27ac""}"
SAMPLE-00009,RNA-Seq,3/9/26,FC-00004,3,CGATGT,"{""antibody"": ""H3K4me3""}"
SAMPLE-00010,ATAC-Seq,3/10/26,FC-00005,4,AACCGG,"{""qc"": ""pass""}"
SAMPLE-00011,RNA-Seq,3/11/26,FC-00001,3,ATCGTG,"{""pool"": ""C""}"
SAMPLE-00012,RNA-Seq,3/12/26,FC-00002,3,GCTAAC,"{""pool"": ""C""}"
SAMPLE-00013,ChIP-Seq,3/13/26,FC-00003,4,TTGGCA,"{""antibody"": ""H3K27ac""}"
SAMPLE-00014,ChIP-Seq,3/14/26,FC-00004,4,CGATGT,"{""antibody"": ""H3K4me3""}"
SAMPLE-00015,ATAC-Seq,3/15/26,FC-00005,1,AACCGG,"{""qc"": ""fail""}"
SAMPLE-00016,ATAC-Seq,3/16/26,FC-00001,4,ATCGTG,"{""pool"": ""D""}"
SAMPLE-00017,RNA-Seq,3/17/26,FC-00002,4,GCTAAC,"{""pool"": ""D""}"
SAMPLE-00018,ChIP-Seq,3/18/26,FC-00003,1,TTGGCA,"{""antibody"": ""H3K27ac""}"
SAMPLE-00019,RNA-Seq,3/19/26,FC-00004,1,CGATGT,"{""antibody"": ""H3K4me3""}"
SAMPLE-00020,ATAC-Seq,3/20/26,FC-00005,2,AACCGG,"{""qc"": ""pass""}"
SAMPLE-00021,RNA-Seq,3/21/26,FC-00001,1,ATCGTG,"{""pool"": ""E""}"
SAMPLE-00022,RNA-Seq,3/22/26,FC-00002,1,GCTAAC,"{""pool"": ""E""}"
SAMPLE-00023,ChIP-Seq,3/23/26,FC-00003,2,TTGGCA,"{""antibody"": ""H3K27ac""}"
SAMPLE-00024,ChIP-Seq,3/24/26,FC-00004,2,CGATGT,"{""antibody"": ""H3K4me3""}"
SAMPLE-00025,ATAC-Seq,3/25/26,FC-00005,3,AACCGG,"{""qc"": ""pass""}"
SAMPLE-00026,ATAC-Seq,3/26/26,FC-00001,2,ATCGTG,"{""pool"": ""F""}"
SAMPLE-00027,RNA-Seq,3/27/26,FC-00002,2,GCTAAC,"{""pool"": ""F""}"
SAMPLE-00028,ChIP-Seq,3/28/26,FC-00003,3,TTGGCA,"{""antibody"": ""H3K27ac""}"
SAMPLE-00029,RNA-Seq,3/29/26,FC-00004,3,CGATGT,"{""antibody"": ""H3K4me3""}"
SAMPLE-00030,ATAC-Seq,3/30/26,FC-00005,4,AACCGG,"{""qc"": ""fail""}"
SAMPLE-00031,RNA-Seq,3/31/26,FC-00001,3,ATCGTG,"{""pool"": ""G""}"
SAMPLE-00032,RNA-Seq,4/1/26,FC-00002,3,GCTAAC,"{""pool"": ""G""}"
SAMPLE-00033,ChIP-Seq,4/2/26,FC-00003,4,TTGGCA,"{""antibody"": ""H3K27ac""}"
SAMPLE-00034,ChIP-Seq,4/3/26,FC-00004,4,CGATGT,"{""antibody"": ""H3K4me3""}"
SAMPLE-00035,ATAC-Seq,4/4/26,FC-00005,1,AACCGG,"{""qc"": ""pass""}"
SAMPLE-00036,ATAC-Seq,4/5/26,FC-00001,4,ATCGTG,"{""pool"": ""H""}"
SAMPLE-00037,RNA-Seq,4/6/26,FC-00002,4,GCTAAC,"{""pool"": ""H""}"
SAMPLE-00038,ChIP-Seq,4/7/26,FC-00003,1,TTGGCA,"{""antibody"": ""H3K27ac""}"
SAMPLE-00039,RNA-Seq,4/8/26,FC-00004,1,CGATGT,"{""antibody"": ""H3K4me3""}"
SAMPLE-00040,ATAC-Seq,4/9/26,FC-00005,2,AACCGG,"{""qc"": ""pass""}"
SAMPLE-00041,RNA-Seq,4/10/26,FC-00001,1,ATCGTG,"{""pool"": ""I""}"
SAMPLE-00042,RNA-Seq,4/11/26,FC-00002,1,GCTAAC,"{""pool"": ""I""}"
SAMPLE-00043,ChIP-Seq,4/12/26,FC-00003,2,TTGGCA,"{""antibody"": ""H3K27ac""}"
SAMPLE-00044,ChIP-Seq,4/13/26,FC-00004,2,CGATGT,"{""antibody"": ""H3K4me3""}"
SAMPLE-00045,ATAC-Seq,4/14/26,FC-00005,3,AACCGG,"{""qc"": ""fail""}"
SAMPLE-00046,ATAC-Seq,4/15/26,FC-00001,2,ATCGTG,"{""pool"": ""J""}"
SAMPLE-00047,RNA-Seq,4/16/26,FC-00002,2,GCTAAC,"{""pool"": ""J""}"
SAMPLE-00048,ChIP-Seq,4/17/26,FC-00003,3,TTGGCA,"{""antibody"": ""H3K27ac""}"
SAMPLE-00049,RNA-Seq,4/18/26,FC-00004,3,CGATGT,"{""antibody"": ""H3K4me3""}"
SAMPLE-00050,ATAC-Seq,4/19/26,FC-00005,4,AACCGG,"{""qc"": ""pass""}"