sample_name,pub_id,freezerworks_id
SM-MT492,SM-MT491,SM-N8RQB
SM-MTZR3,SM-MTZR4,SM-N8RQ9
SM-MT47A,SM-MT47C,SM-N8RPS
SM-MT46O,SM-MT46R,SM-N8ROZ
SM-MT47R,SM-MT47S,SM-N8RP2
SM-MT476,SM-MT478,SM-N8ROX
SM-MT48C,SM-MT48D,SM-N8ROY
SM-MT46M,SM-MT46N,SM-N8RP1
SM-MT47E,SM-MT47G,SM-N8ROW
SM-MT47I,SM-MT47K,SM-N8ROV
SM-MT49A,SM-MT49B,SM-N8RPT
SM-MT49E,SM-MT49F,SM-N8RPO
SM-MT49Q,SM-MT49P,SM-N8RPR
SM-MT49Z,SM-MT49X,SM-N8RPQ
SM-MT4A3,SM-MT4A4,SM-N8RPP
SM-MT49M,SM-MT49N,SM-N8RP9
SM-MT4AB,SM-MT4AC,SM-N8RPA
SM-MT49U,SM-MT49V,SM-N8RPL
SM-MT4A7,SM-MT4A6,SM-N8RP8
SM-MT484,SM-MT485,SM-N8RP7
SM-MT4AI,SM-MT4AK,SM-N8RP6
SM-MT4AQ,SM-MT4AS,SM-N8ROO
SM-MT47V,SM-MT47W,SM-N8RP5
SM-MT48J,SM-MT48L,SM-N8RP4
SM-MT46X,SM-MT46Z,SM-N8RP3
SM-MTZRN,SM-MTZRO,SM-N8RQA
SM-MTZRA,SM-MTZRC,SM-N8RQ1
SM-MTZRJ,SM-MTZRK,SM-N8RQ5
SM-MTZS7,SM-MTZS9,SM-N8RQ6
SM-MTZSO,SM-MTZSP,SM-N8RPW
SM-MTZSJ,SM-MTZSL,SM-N8RPX
SM-MT48X,SM-MT48Y,SM-N8RPU
SM-MUAK6,SM-MUAK8,SM-N8RQ8
SM-MTZQQ,SM-MTZQR,SM-N8RQ7
SM-MT49I,SM-MT49J,SM-N8RQ3
SM-MTZSB,SM-MTZSD,SM-N8RQ4
SM-MTZRR,SM-MTZRS,SM-N8RQ2
SM-MTZRU,SM-MTZRW,SM-N8RPZ
SM-MTZS4,SM-MTZS5,SM-N8RPY
SM-MTZRY,SM-MTZS1,SM-N8RQH
SM-MUAIG,SM-MUAII,SM-N8RQG
SM-MUAJL,SM-MUAJN,SM-N8RQC
SM-MUAJQ,SM-MUAJR,SM-N8RQF
SM-MUAJU,SM-MUAJV,SM-N8RQD
SM-MTZR7,SM-MTZR8,SM-N8RQE
SM-MUAK3,SM-MUAK4,SM-N8RPN
SM-MVQPX,SM-MVQPW,SM-N8RPG
SM-MUAB1,SM-MUAB3,SM-N8RPD
SM-MUAIP,SM-MUAIQ,SM-N8RR7
SM-MUAJ6,SM-MUAJ7,SM-N8RPB
SM-MTZRE,SM-MTZRG,SM-N8RR6
SM-MVQR1,SM-MVQR3,SM-N8RR4
SM-MUA9Z,SM-MUAA2,SM-N8RQN
SM-MUAA4,SM-MUAA6,SM-N8RQJ
SM-MUAAD,SM-MUAAE,SM-N8RQX
SM-MUAAO,SM-MUAAQ,SM-N8RQW
SM-MUA9W,SM-MUA9X,SM-N8RQL
SM-MUAJD,SM-MUAJF,SM-N8RQI
SM-MUAIK,SM-MUAIM,SM-N8RQK
SM-MUAI7,SM-MUAI9,SM-N8ROT
SM-MUAI3,SM-MUAI5,SM-N8RQT
SM-MUAA8,SM-MUAAA,SM-N8RQO
SM-MVQQ9,SM-MVQQA,SM-N8RPF
SM-MVQQ5,SM-MVQQ6,SM-N8RPH
SM-MVQQP,SM-MVQQQ,SM-N8RPC
SM-MVQQT,SM-MVQQU,SM-N8RPE
SM-MVQQX,SM-MVQQY,SM-N8RR8
SM-MUAAH,SM-MUAAI,SM-N8RQM
SM-MVQRA,SM-MVQRB,SM-N8RR2
SM-MVQRE,SM-MVQRF,SM-N8RR3
SM-MVQRI,SM-MVQRJ,SM-N8RR5
SM-MUA9B,SM-MUA9D,SM-N8RR1
SM-MUA9R,SM-MUA9T,SM-N8RQY
SM-MUA8V,SM-MUA8W,SM-N8RQZ
SM-MUAIC,SM-MUAIE,SM-N8RQU
SM-MUA98,SM-MUA99,SM-N8RQS
SM-MUAAK,SM-MUAAM,SM-N8RQR
SM-MUAIW,SM-MUAIY,SM-N8ROR
SM-MTZSG,SM-MTZSH,SM-N8RQQ
SM-MT495,SM-MT497,SM-N8RQP
SM-MUA9K,SM-MUA9L,SM-N8RQV
SM-MVQJN,SM-MVQJM,SM-N8ROS
SM-MVQKT,SM-MVQKU,SM-N8ROK
SM-MVQLQ,SM-MVQLR,SM-N8ROJ
SM-MVQM6,SM-MVQM8,SM-N8ROL
SM-MVQMR,SM-MVQMS,SM-N8ROU
SM-MVQLA,SM-MVQLB,SM-N8RON
SM-MXvh6,SM-MXVJH,SM-N8ROM
SM-MVQKB,SM-MVQKD,SM-N8ROQ
SM-MVQMB,SM-MVQMC,SM-N8ROP
SM-MUAJI,SM-MUAJJ,SM-N8RPJ
SM-MVQQD,SM-MVQQE,SM-N8RPM
SM-MVQQH,SM-MVQQI,SM-N8RPI
SM-MVQPZ,SM-MVQQ2,SM-MO3O6
SM-MVQMN,SM-MVQMO,SM-MO3NX
SM-MVYDK,SM-MVYDL,SM-MO3NP
SM-MVYDO,SM-MVYDP,SM-MO3PM
SM-MVQIM,SM-MVQIN,SM-MO3PE
SM-MVQJG,SM-MVQJE,SM-MO3P6
SM-MVQJB,SM-MVQJC,SM-MO3OW
SM-MVQIT,SM-MVQIV,SM-MO3ON
SM-MVQM3,SM-MVQM4,SM-MO3OF
SM-MVQJV,SM-MVQJW,SM-MO3O7
SM-MVQK4,SM-MVQK5,SM-MO3NY
SM-MVQLI,SM-MVQLJ,SM-MO3NQ
SM-MVQPJ,SM-MVQPL,SM-MO3PN
SM-MVQPB,SM-MVQPD,SM-MO3PF
SM-MVQIY,SM-MVQIZ,SM-MO3P7
SM-MVQL5,SM-MVQL7,SM-MO3OX
SM-MVQLU,SM-MVQLV,SM-MO3OO
SM-MVQIQ,SM-MVQIR,SM-MO3OG
SM-MVYE5,SM-MVYE6,SM-MO3O8
SM-MVYDW,SM-MVYDX,SM-MO3NZ
SM-MVYED,SM-MVYEE,SM-MO3NR
SM-MVQJZ,SM-MVQK1,SM-MO3PO
SM-MVQLE,SM-MVQLF,SM-MO3PG
SM-MVQQL,SM-MVQQM,SM-MO3P8
SM-MVYD8,SM-MVYD9,SM-MO3OY
SM-MVYD4,SM-MVYD5,SM-MO3OP
SM-MUAAT,SM-MUAAU,SM-MO3OH
SM-MVQID,SM-MVQIF,SM-MO3O9
SM-MVYE1,SM-MVYE2,SM-MO3O1
SM-MVQKL,SM-MVQKJ,SM-MO3NS
SM-MVQPR,SM-MVQPQ,SM-MO3PP
SM-MVQKX,SM-MVQKY,SM-MO3PH
SM-MVQPO,SM-MVQPP,SM-MO3P9
SM-MVQLL,SM-MVQLN,SM-MO3OZ
SM-MVQL2,SM-MVQL3,SM-MO3OR
SM-MVQMF,SM-MVQMG,SM-MO3OI
SM-MUA9O,SM-MUA9P,SM-MO3OA
SM-MVYE9,SM-MVYEA,SM-MO3O2
SM-MVYYB,SM-MVYYD,SM-MO3NT
SM-MVYCQ,SM-MVYCS,SM-MO3N2
SM-MVYC6,SM-MVYC8,SM-MO3N3
SM-MVYCZ,SM-MVYD1,SM-MO3N4
SM-MVYCN,SM-MVYCO,SM-MO3N5
SM-MVQKP,SM-MVQKQ,SM-MO3N6
SM-MVQJR,SM-MVQJS,SM-MO3N7
SM-MVQJ7,SM-MVQJ8,SM-MO3N8
SM-MVYXA,SM-MVYXC,SM-MO3N9
SM-MVYFV,SM-MVYFW,SM-MO3NA
SM-MVYXH,SM-MVYXK,SM-MO3NB
SM-MX8NU,SM-MX8NW,SM-MO3NC
SM-MVYFN,SM-MVYFO,SM-MO3ND
SM-MVYEZ,SM-MVYEX,SM-MO3NE
SM-MVYG7,SM-MVYG9,SM-MO3NF
SM-MVYGG,SM-MVYGH,SM-MO3NG
SM-MVYYF,SM-MVYYH,SM-MO3NH
SM-MVYYI,SM-MVYYL,SM-MO3NI
SM-MX8MY,SM-MX8MZ,SM-MO3NJ
SM-MXVLL,SM-MXVLN,SM-MO3NK
SM-MXVLI,SM-MXVLJ,SM-MO3NL
SM-MX8NY,SM-MX8O1,SM-MO3N1
SM-MVYXP,SM-MVYXS,SM-MO3PI
SM-MVYXM,SM-MVYXO,SM-MO3PA
SM-MVYCE,SM-MVYCG,SM-MO3P1
SM-MVYG3,SM-MVYG5,SM-MO3OS
SM-MX8LB,SM-MX8LD,SM-MO3OJ
SM-MX8KY,SM-MX8L1,SM-MO3OB
SM-MVYWX,SM-MVYYY,SM-MO3O3
SM-MX8LZ,SM-MX8M2,SM-MO3NU
SM-MX8MC,SM-MX8ME,SM-MO3NM
SM-MVYXE,SM-MVYXG,SM-MO3PB
SM-MX8NB,SM-MX8NC,SM-MO3P3
SM-MVQPF,SM-MVQPH,SM-MO3OK
SM-MVYFR,SM-MVYFS,SM-MO3OC
SM-MVYCA,SM-MVYCC,SM-MO3NV
SM-MVYCJ,SM-MVYCK,SM-MO3NN
SM-MVYEP,SM-MVYER,SM-MO3PC
SM-MVYXU,SM-MVYXW,SM-MO3P4
SM-MVYFF,SM-MVYFG,SM-MO3OL
SM-MVYZ6,SM-MVYZ8,SM-MO3OD
SM-MX8LR,SM-MX8LT,SM-MO3NW
SM-MX8M4,SM-MX8M6,SM-MO3NO
SM-MX8MP,SM-MX8MR,SM-MO3PL
SM-MVYX5,SM-MVYX8,SM-MO3PD
SM-MVYET,SM-MVYEV,SM-MO3P5
SM-MVYZ2,SM-MVYZ4,SM-MO3OM
SM-MVYEL,SM-MVYEN,SM-MO3OE
SM-MVYF7,SM-MVYF8,SM-N8RUL
SM-MVYDS,SM-MVYDT,SM-MO3PJ
SM-MVYFY,SM-MVYG1,SM-MO3OT
SM-MVYDF,SM-MVYDH,SM-MO3O4
SM-MVYFJ,SM-MVYFK,SM-MO3PK
SM-MVYX1,SM-MVYX4,SM-MO3OU
SM-MVYY6,SM-MVYY9,SM-MO3O5
SM-MVYEI,SM-MVYEJ,SM-MO3OV
SM-MXVMM,SM-MXVMO,SM-N8RUU
SM-MX8HR,SM-MX8HS,SM-N8RV4
SM-MX8IB,SM-MX8ID,SM-N8RVD
SM-MX8L7,SM-MX8L9,SM-N8RVM
SM-MX8L3,SM-MX8L5,SM-N8RVW
SM-MX8O4,SM-MX8O5,SM-N8RW7
SM-MX813,SM-MX815,SM-N8RWG
SM-MXVKL,SM-MXVKM,SM-N8RWP
SM-MY61R,SM-MY61T,SM-N8RUK
SM-MXVMQ,SM-MXVMS,SM-N8RUT
SM-MVYFB,SM-MVYFC,SM-N8RV3
SM-MVYYQ,SM-MVYYT,SM-N8RVC
SM-MX8N3,SM-MX8N4,SM-N8RVL
SM-MX8MF,SM-MX8MJ,SM-N8RVV
SM-MX8LJ,SM-MX8LL,SM-N8RW6
SM-MXVLE,SM-MXVLF,SM-N8RWF
SM-MXVKD,SM-MXVKE,SM-N8RWO
SM-MXVLU,SM-MXVLV,SM-N8RUJ
SM-MVYYN,SM-MVYYP,SM-N8RUS
SM-MVQKG,SM-MVQKH,SM-N8RVB
SM-MX8KR,SM-MX8KS,SM-N8RVK
SM-MX8KM,SM-MX8KO,SM-N8RVU
SM-MX8LG,SM-MX8LH,SM-N8RWE
SM-MXVO1,SM-MXVO3,SM-N8RWN
SM-MX8JQ,SM-MX8JR,SM-N8RU1
SM-MX8KV,SM-MX8KW,SM-N8RUI
SM-MX8NN,SM-MX8NO,SM-N8RUR
SM-MX8MM,SM-MX8MN,SM-N8RV1
SM-MX8NJ,SM-MX8NK,SM-N8RVA
SM-MX8NE,SM-MX8NG,SM-N8RVJ
SM-MX8M9,SM-MX8MA,SM-N8RVT
SM-MXVLX,SM-MXVLZ,SM-N8RWD
SM-MX8K3,SM-MX8K4,SM-N8RWM
SM-MXVH9,SM-MXVHA,SM-N8RUH
SM-MXVMB,SM-MXVMC,SM-N8RUQ
SM-MY62H,SM-MY62I,SM-N8RUZ
SM-MXVHH,SM-MXVHI,SM-N8RV9
SM-MY62X,SM-MY62Y,SM-N8RVS
SM-MX8LV,SM-MX8LX,SM-N8RW3
SM-MX8NR,SM-MX8NS,SM-N8RV2
SM-MX8J9,SM-MX8JA,SM-N8RW5
SM-MX8KB,SM-MX8KC,SM-N8RW4
SM-MY5ZX,SM-MY5ZZ,SM-N8RVI
SM-MX8HL,SM-MX8HO,SM-N8RWC
SM-MX8MT,SM-MX8MV,SM-N8RWL
SM-MX8IN,SM-MX8IP,SM-N8RUG
SM-MX8JX,SM-MX8JZ,SM-N8RUP
SM-MX8KE,SM-MX8KG,SM-N8RUY
SM-MVYGK,SM-MVYGL,SM-N8RV8
SM-MX8LO,SM-MX8LP,SM-N8RVH
SM-MX8IR,SM-MX8IT,SM-N8RVQ
SM-MX8I7,SM-MX8I9,SM-N8RW1
SM-MXVNK,SM-MXVNM,SM-N8RWB
SM-MX8JL,SM-MX8JN,SM-N8RWK
SM-MX8HF,SM-MX8HG,SM-N8RUF
SM-MXVNX,SM-MXVNY,SM-N8RUO
SM-MXVII,SM-MXVIJ,SM-N8RV7
SM-MXVHP,SM-MXVHQ,SM-N8RUX
SM-MXVKP,SM-MXVKQ,SM-N8RVG
SM-MXVL1,SM-MXVL3,SM-N8RVP
SM-MXVHL,SM-MXVHM,SM-N8RVZ
SM-MX8JG,SM-MX8JI,SM-N8RWA
SM-MX8JT,SM-MX8JV,SM-N8RWJ
SM-MX8J1,SM-MX8J2,SM-N8RUE
SM-MX8KJ,SM-MX8KK,SM-N8RUN
SM-MX8J4,SM-MX8J6,SM-N8RUW
SM-MY5XU,SM-MY5XW,SM-N8RV6
SM-MY5XZ,SM-MY5Y1,SM-N8RVF
SM-MY5Y4,SM-MY5Y6,SM-N8RVO
SM-MYYD1,SM-MYYD3,SM-N8RVY
SM-MYYDT,SM-MYYDV,SM-N8RW9
SM-MYYEG,SM-MYYEH,SM-N8RWI
SM-MYYFK,SM-MYYFM,SM-N8RUD
SM-MY5YO,SM-MY5YQ,SM-N8RUM
SM-MY5ZM,SM-MY5ZN,SM-N8RUV
SM-MY5ZE,SM-MY5ZF,SM-N8RV5
SM-MXVMZ,SM-MXVN1,SM-N8RVE
SM-MXVN7,SM-MXVN9,SM-N8RVN
SM-MXVJ6,SM-MXVJ8,SM-N8RVX
SM-MXVI5,SM-MXVI7,SM-N8RW8
SM-MXVK1,SM-MXVK2,SM-N8RWH
SM-MXVK8,SM-MXVKA,SM-N8RU6
SM-MY5YK,SM-MY5YM,SM-N8RU8
SM-MY62T,SM-MY62U,SM-N8RUC
SM-MY61G,SM-MY61H,SM-N8RUB
SM-MXVIM,SM-MXVIN,SM-N8RU7
SM-MY617,SM-MY618,SM-N8RUA
SM-MY5XI,SM-MY5XK,SM-N8RU9
SM-MXVL5,SM-MXVL7,SM-N8RU5
SM-MXVNC,SM-MXVNE,SM-N8RU4
SM-MY5WU,SM-MY5WV,SM-N8RU3
SM-MXVLA,SM-MXVLB,SM-N8RU2
SM-MY5XB,SM-MY5XC,SM-MO3YU
SM-MY612,SM-MY614,SM-MO3YP
SM-MY5YT,SM-MY5YU,SM-MO3Z3
SM-MY62L,SM-MY62J,SM-MO3YE
SM-MY61W,SM-MY61X,SM-MO3YV
SM-MXVIY,SM-MXVIZ,SM-MO3Z2
SM-MY61K,SM-MY61L,SM-MO3ZC
SM-MXVHD,SM-MXVHE,SM-MO3YH
SM-MY636,SM-MY637,SM-MO3Y7
SM-MY63L,SM-MY63N,SM-MO3YD
SM-MXVI2,SM-MXVI3,SM-MO3YG
SM-MXVHX,SM-MXVHY,SM-MO3Z8
SM-MXVIQ,SM-MXVIR,SM-MO3Z5
SM-MXVI9,SM-MXVIB,SM-MO3Y6
SM-MY63H,SM-MY63J,SM-MO3YC
SM-MY62P,SM-MY62Q,SM-MO3YY
SM-MY61O,SM-MY61P,SM-MO3YQ
SM-MY62C,SM-MY62E,SM-MO3YB
SM-MXVIE,SM-MXVIF,SM-MO3YF
SM-MXVJR,SM-MXVJT,SM-MO3ZA
SM-MXVNO,SM-MXVNQ,SM-MO3ZB
SM-MXVN3,SM-MXVN5,SM-MO3YS
SM-MXVJ2,SM-MXVJ4,SM-MO3YI
SM-MXVJV,SM-MXVJX,SM-MO3Y8
SM-MXVNS,SM-MXVNU,SM-MO3Y4
SM-MX8K6,SM-MX8K8,SM-MO3Y3
SM-MX8IG,SM-MX8IH,SM-MO3Y2
SM-MX8JC,SM-MX8JE,SM-MO3Y1
SM-MXVNG,SM-MXVNI,SM-MO3XZ
SM-MX8HZ,SM-MX8I1,SM-MO3ZI
SM-MX8IJ,SM-MX8IL,SM-MO3Y5
SM-MXVJA,SM-MXVJC,SM-MO3Z6
SM-MXVJF,SM-MXVJG,SM-MO3YR
SM-MXVME,SM-MXVMG,SM-MO3Y9
SM-MY61Z,SM-MY622,SM-MO3ZH
SM-MY5ZH,SM-MY5ZJ,SM-MO3Z4
SM-MY5Z1,SM-MY5Z3,SM-MO3ZE
SM-MY5MW,SM-MY5MX,SM-MO3ZW
SM-MY5MN,SM-MY5MP,SM-MO416
SM-MYYG9,SM-MYYGB,SM-MO414
SM-MY632,SM-MY633,SM-MO3YM
SM-MXVJJ,SM-MXVJL,SM-MO3ZF
SM-MY5OM,SM-MY5ON,SM-MO3ZK
SM-MY5OP,SM-MY5OR,SM-MO3ZJ
SM-MY5WX,SM-MY5WZ,SM-MO3YK
SM-MY5WL,SM-MY5WN,SM-MO3Z7
SM-MY5WA,SM-MY5WB,SM-MO3YL
SM-MY5X6,SM-MY5X8,SM-MO3ZL
SM-MY5XE,SM-MY5XG,SM-MO3YW
SM-MY5YC,SM-MY5YD,SM-MO3YJ
SM-MY5YX,SM-MY5YY,SM-MO3YN
SM-MY5Z9,SM-MY5ZB,SM-MO3ZD
SM-MXVHT,SM-MXVHU,SM-MO3YT
SM-MY5O5,SM-MY5O7,SM-MO3ZM
SM-MY5OE,SM-MY5OF,SM-MO3ZO
SM-MY5WI,SM-MY5WJ,SM-MO3ZN
SM-MYYCH,SM-MYYCI,SM-MO41F
SM-MYYIR,SM-MYYIT,SM-MO41M
SM-MY5NK,SM-MY5NM,SM-MO41C
SM-MYYCK,SM-MYYCM,SM-MO41D
SM-MXVLQ,SM-MXVLR,SM-MO41O
SM-MYYEV,SM-MYYEX,SM-MO415
SM-MY5Z6,SM-MY5Z7,SM-MO417
SM-MY5MR,SM-MY5MT,SM-MO3ZX
SM-MYYFP,SM-MYYFO,SM-MO3ZV
SM-MY5N9,SM-MY5NA,SM-MO3ZU
SM-MY63E,SM-MY63F,SM-MO3ZQ
SM-MY628,SM-MY62A,SM-MO3ZR
SM-MY5WQ,SM-MY5WR,SM-MO3ZS
SM-MY5O2,SM-MY5O3,SM-MO3ZP
SM-MX8HI,SM-MX8HK,SM-MO3ZY
SM-MYYEJ,SM-MYYEL,SM-MO41J
SM-MYYFH,SM-MYYFI,SM-MO41I
SM-MY5W5,SM-MY5W7,SM-MO3Z1
SM-MY5WD,SM-MY5WF,SM-MO3YO
SM-MY5XN,SM-MY5XO,SM-MO3YZ
SM-MY5VX,SM-MY5VY,SM-MO3YA
SM-MYYCW,SM-MYYCY,SM-MO41E
SM-MYYGE,SM-MYYGF,SM-MO418
SM-MYYD5,SM-MYYD7,SM-MO41N
SM-MYYI4,SM-MYYI5,SM-MO41L
SM-MYYE2,SM-MYYE4,SM-MO41B
SM-MY5VS,SM-MY5VU,SM-MO3ZG
SM-MY5XR,SM-MY5XS,SM-MO3ZT
SM-MYYDA,SM-MYYDB,SM-MO41G
SM-MYYDQ,SM-MYYDR,SM-MO41A
SM-MYYHY,SM-MYYI1,SM-MO41K
SM-MY5W2,SM-MY5W3,SM-MO41H
SM-MYYER,SM-MYYET,SM-MO419
SM-MYYEZ,SM-MYYF2,SM-MO3YX
SM-MY5ZU,SM-MY5ZV,SM-MO412
SM-MY5NC,SM-MY5NE,SM-MO411
SM-MYYFC,SM-MYYFE,SM-MO3ZZ
SM-MYYFS,SM-MYYFU,SM-MWQ8B
SM-MYYFW,SM-MYYFY,SM-MWQ8L
SM-MYYG5,SM-MYYG7,SM-N1N2P
SM-MYYG1,SM-MYYG3,SM-MWQ8P
SM-MY5NG,SM-MY5NI,SM-MWQ8D
SM-MY5NX,SM-MY5NY,SM-MWQ8M
SM-MY5YG,SM-MY5YI,SM-MWQ8R
SM-MY5OH,SM-MY5OJ,SM-MWQ8I
SM-MXVK5,SM-MXVK6,SM-MWQ8G
SM-MY5Y9,SM-MY5YB,SM-N1N2M
SM-MYYCO,SM-MYYCQ,SM-N1N2S
SM-MYYCO,SM-MYYCQ,SM-M1DHE
SM-MYYBZ,SM-MYYC2,SM-MWQ8H
SM-MYYHV,SM-MYYHW,SM-MWQ8F
SM-MYYHV,SM-MYYHW,SM-M1DHG
SM-N2EBV,SM-N2EBW,SM-MWQ88
SM-MYYGH,SM-MYYGJ,SM-N1N2T
SM-MYYGH,SM-MYYGJ,SM-M1DHB
SM-N2ECR,SM-N2ECT,SM-MWQ8J
SM-N2EBM,SM-N2EBO,SM-MWQ82
SM-N2EBY,SM-N2EC1,SM-MWQ85
SM-MYYDM,SM-MYYDN,SM-N1N2Q
SM-MYYDM,SM-MYYDN,SM-M1DH9
SM-N2EC3,SM-N2EC5,SM-MWQ8K
SM-MYYE7,SM-MYYE8,SM-MWQ8C
SM-MYYE7,SM-MYYE8,SM-M1DHF
SM-MYYC4,SM-MYYC6,SM-MWQ87
SM-MYYDD,SM-MYYDF,SM-MWQ84
SM-MYYDD,SM-MYYDF,SM-M1DHD
SM-MYYEN,SM-MYYEP,SM-MWQ8S
SM-MYYEN,SM-MYYEP,SM-M1DHT
SM-MYYI7,SM-MYYI9,SM-MWQ8U
SM-MYYIJ,SM-MYYIL,SM-MWQ8E
SM-MYYF4,SM-MYYF6,SM-MWQ8N
SM-MYYF8,SM-MYYFA,SM-MWQ8Q
SM-MYYIG,SM-MYYIH,SM-MWQ8O
SM-MYYIG,SM-MYYIH,SM-M1DHH
SM-MYYDH,SM-MYYDJ,SM-MWQ8T
SM-MYYDX,SM-MYYDZ,SM-MWQ8A
SM-MYYIB,SM-MYYID,SM-MWQ8V
SM-MYYIB,SM-MYYID,SM-M1DHR
SM-N2ECF,SM-N2ECH,SM-N1N2N
SM-N3I2Q,SM-N3I2S,SM-NCT6U
SM-N3I4W,SM-N3I4Y,SM-NCT79
SM-N3I38,SM-N3I39,SM-NCT7O
SM-N3I3B,SM-N3I3D,SM-NCT74
SM-N3I3F,SM-N3I3H,SM-NCT78
SM-N2EBJ,SM-N2EBK,SM-NCT7K
SM-N2EDD,SM-N2EDF,SM-NCT82
SM-N2EDY,SM-N2EDZ,SM-NCT7V
SM-N2EE2,SM-N2EE4,SM-NCT7R
SM-MY5NT,SM-MY5NU,SM-NCT7P
SM-N2EEB,SM-N2EEC,SM-NCT66
SM-MY5N4,SM-MY5N6,SM-NCT6A
SM-N2EDH,SM-N2EDJ,SM-NCT83
SM-N2EC7,SM-N2EC9,SM-NCT6J
SM-N2EA1,SM-N2EA2,SM-NCT7Y
SM-N2EA5,SM-N2EA3,SM-NCT8C
SM-N2E8J,SM-N2E8K,SM-NCT5X
SM-N2E9J,SM-N2E9L,SM-NCT86
SM-N2EE6,SM-N2EE8,SM-NCT6I
SM-N2EB2,SM-N2EB4,SM-NCT7B
SM-N2EF7,SM-N2EF9,SM-NCT61
SM-N2EEY,SM-N2EF1,SM-NCT84
SM-N2EAY,SM-N2EAZ,SM-NCT7U
SM-MXVKW,SM-MXVKY,SM-NCT63
SM-N2EEE,SM-N2EEG,SM-NCT6W
SM-N2EAT,SM-N2EAV,SM-NCT6N
SM-N2EBF,SM-N2EBG,SM-NCT89
SM-N2EDA,SM-N2EDB,SM-NCT8G
SM-N2EEI,SM-N2EEK,SM-NCT6D
SM-N2EB6,SM-N2EB8,SM-NCT6B
SM-N2EEN,SM-N2EEO,SM-NCT62
SM-N2EER,SM-N2EES,SM-NCT6G
SM-N2EDU,SM-N2EDV,SM-NCT81
SM-N2EEV,SM-N2EEW,SM-NCT6H
SM-N2EF4,SM-N2EF5,SM-NCT7T
SM-N2E9W,SM-N2E9X,SM-NCT6P
SM-N2ECZ,SM-N2ED2,SM-NCT7C
SM-N2EDN,SM-N2EDL,SM-NCT7N
SM-N2E85,SM-N2E87,SM-NCT5U
SM-N2E74,SM-N2E76,SM-NCT68
SM-N2E6Z,SM-N2E72,SM-NCT69
SM-N2E89,SM-N2E8B,SM-NCT65
SM-N2ED5,SM-N2ED7,SM-NCT7Q
SM-N2EAQ,SM-N2EAP,SM-NCT64
SM-N3I5M,SM-N3I5N,SM-NCT87
SM-N3I5H,SM-N3I5J,SM-NCT6X
SM-N3I5A,SM-N3I5B,SM-NCT7W
SM-N3I55,SM-N3I57,SM-NCT8D
SM-N2ECC,SM-N2ECD,SM-NCT6E
SM-N3HZG,SM-N3HZE,SM-NCT71
SM-N2E78,SM-N2E7A,SM-NCT6K
SM-N2E7C,SM-N2E7E,SM-NCT6C
SM-N2E81,SM-N2E83,SM-NCT5W
SM-N2E7W,SM-N2E7Y,SM-NCT7E
SM-N2EDQ,SM-N2EDR,SM-NCT7S
SM-N2E7T,SM-N2E7U,SM-NCT85
SM-MY5NP,SM-MY5NQ,SM-NCT8H
SM-N3I1Y,SM-N3I1Z,SM-NCT76
SM-N3HYM,SM-N3HYL,SM-NCT75
SM-N3HYV,SM-N3HYT,SM-NCT73
SM-N2E8Q,SM-N2E8S,SM-NCT7I
SM-N3HYA,SM-N3HY8,SM-NCT6T
SM-N3I51,SM-N3I53,SM-NCT6Y
SM-N3I5Q,SM-N3I5S,SM-NCT6Q
SM-N3HZR,SM-N3HZQ,SM-NCT7D
SM-N3I5D,SM-N3I5F,SM-NCT6S
SM-N3I48,SM-N3I4A,SM-NCT8F
SM-N3I5Y,SM-N3I61,SM-NCT5Z
SM-N3I4G,SM-N3I4I,SM-NCT7X
SM-N3I4O,SM-N3I4Q,SM-NCT5Y
SM-N3I63,SM-N3I65,SM-NCT6M
SM-N2E64,SM-N2E65,SM-NCT8B
SM-N2EAK,SM-N2EAM,SM-NCT6F
SM-N2EA8,SM-N2EA7,SM-NCT7L
SM-N2EAC,SM-N2EAB,SM-NCT7Z
SM-N2E67,SM-N2E69,SM-NCT5V
SM-N3I19,SM-N3I17,SM-NCT6Z
SM-N3I68,SM-N3I69,SM-NCT6O
SM-N2E8Y,SM-N2E91,SM-NCT6R
SM-N2E7G,SM-N2E7I,SM-NCT6L
SM-N2E6W,SM-N2E6X,SM-NCT67
SM-N2E6K,SM-N2E6L,SM-NCT7G
SM-N3I5U,SM-N3I5W,SM-NCT8E
SM-N2E8U,SM-N2E8W,SM-NCT7M
SM-N3I4T,SM-N3I4U,SM-NCT7H
SM-N3I2J,SM-N3I2K,SM-NCT72
SM-N2E6F,SM-N2E6H,SM-NCT8J
SM-N2E8F,SM-N2E8G,SM-NCT8I
SM-MYYCT,SM-MYYCU,SM-NCT88
SM-N2E8M,SM-N2E8O,SM-NCT8A
SM-N2E9G,SM-N2E9H,SM-NCT7J
SM-N2E9S,SM-N2E9T,SM-NCT7A
SM-N2E93,SM-N2E95,SM-NCT7F
SM-N3I6B,SM-N3I6D,SM-NACM7
SM-N3HMT,SM-N3HMR,SM-NACNE
SM-N3HKV,SM-N3HKT,SM-NACMP
SM-N3HKQ,SM-N3HKP,SM-NACO8
SM-N3HMD,SM-N3HMB,SM-NACO7
SM-N3I3J,SM-N3I3L,SM-NACOG
SM-N3HXL,SM-N3HXJ,SM-NACM1
SM-N3HLN,SM-N3HLM,SM-NACO3
SM-N3HM5,SM-N3HM3,SM-NACNY
SM-N3I41,SM-N3I42,SM-NACMH
SM-N3HY1,SM-N3HY3,SM-NACMI
SM-N3HYD,SM-N3HYC,SM-NACN6
SM-N3HYI,SM-N3HYH,SM-NACNA
SM-N3I1D,SM-N3I1B,SM-NACNB
SM-N3I1P,SM-N3I1N,SM-NACN4
SM-N3HZW,SM-N3HZU,SM-NACOA
SM-N3HLK,SM-N3HLI,SM-NACN3
SM-N3HWR,SM-N3HWQ,SM-NACNG
SM-N3I3S,SM-N3I3T,SM-NACO9
SM-N3I3V,SM-N3I3X,SM-NACN5
SM-N3HWO,SM-N3HWM,SM-NACMY
SM-N3HM8,SM-N3HM7,SM-NACN1
SM-N3HW7,SM-N3HW5,SM-NACMR
SM-N2E6N,SM-N2E6P,SM-NACM6
SM-N2E9N,SM-N2E9M,SM-NACM5
SM-N2E9A,SM-N2E9D,SM-NACM3
SM-N2E97,SM-N2E99,SM-NACM4
SM-N3HM1,SM-N3HLY,SM-NACMW
SM-N3I3N,SM-N3I3P,SM-NACOB
SM-N3I2Y,SM-N3I31,SM-NACOC
SM-N3I44,SM-N3I46,SM-NACO2
SM-N3HZJ,SM-N3HZL,SM-NACMT
SM-N3I2A,SM-N3I2C,SM-NACN7
SM-N3I1H,SM-N3I1F,SM-NACMG
SM-N3I4C,SM-N3I4E,SM-NACNI
SM-N3I11,SM-N3HZY,SM-NACMJ
SM-N3HLG,SM-N3HLE,SM-NACMZ
SM-N3HLB,SM-N3HLA,SM-NACNL
SM-N3HL4,SM-N3HL2,SM-NACNW
SM-N54PE,SM-N54PH,SM-NACNS
SM-N3I1L,SM-N3I1J,SM-NACN8
SM-N3HZ7,SM-N3HZ9,SM-NACMS
SM-N3HKY,SM-N3HKX,SM-NACNK
SM-N3HMG,SM-N3HMF,SM-NACNR
SM-N54QD,SM-N54QJ,SM-NACO4
SM-N3HWB,SM-N3HW9,SM-NACMO
SM-N54QU,SM-N54QR,SM-NACMM
SM-N3HKN,SM-N3HKL,SM-NACMV
SM-N54Q9,SM-N54Q7,SM-NACN2
SM-N54MW,SM-N54MS,SM-NACOK
SM-N54NB,SM-N54N9,SM-NACOI
SM-N54P6,SM-N54P4,SM-NACOF
SM-N54PL,SM-N54PJ,SM-NACOJ
SM-N54Q1,SM-N54PY,SM-NACLY
SM-N3HYR,SM-N3HYP,SM-NACLZ
SM-N3HLW,SM-N3HLU,SM-NACNX
SM-N3I2E,SM-N3I2G,SM-NACMN
SM-N54SK,SM-N54SI,SM-NACON
SM-N54SS,SM-N54SQ,SM-NACM2
SM-N54SV,SM-N54SU,SM-NACOL
SM-N54OJ,SM-N54OE,SM-NACOM
SM-N655K,SM-N6599,SM-NACMC
SM-N655O,SM-N659D,SM-NACME
SM-N655V,SM-N659J,SM-NACMB
SM-N655W,SM-N659L,SM-NACM9
SM-N655Z,SM-N659N,SM-NACMA
SM-N656Q,SM-N653I,SM-NACM8
SM-N6567,SM-N659V,SM-NACMF
SM-N656K,SM-N653A,SM-NACMD
SM-N6577,SM-N653Y,SM-NCFB5
SM-N656R,SM-N653K,SM-NCFB6
SM-N656E,SM-N6534,SM-NCFB7
SM-N54XE,SM-N54XG,SM-NCFB8
SM-N54MN,SM-N54ML,SM-NCFB9
SM-N656V,SM-N653O,SM-NCFBA
SM-N656H,SM-N6538,SM-NCFBB
SM-N656L,SM-N653E,SM-NCFBC
SM-N656L,SM-N653C,SM-NCFBD
SM-N656Z,SM-N653S,SM-NCFBE
SM-N657E,SM-N6547,SM-NCFBF
SM-N6554,SM-N6555,SM-NCFBG
SM-N54W8,SM-N54W9,SM-NCFBH
SM-N54WB,SM-N54WD,SM-NCFBI
SM-N54WY,SM-N54WZ,SM-NCFBJ
SM-N656N,SM-N653G,SM-NCFBK
SM-N656U,SM-N653M,SM-NCFBL
SM-N656X,SM-N653Q,SM-NCFBM
SM-N657I,SM-N654C,SM-NCFBN
SM-N654U,SM-N654W,SM-NCFBO
SM-N54XJ,SM-N54XK,SM-NCFBP
SM-N54T8,SM-N54T7,SM-NCFBQ
SM-N54W3,SM-N54W5,SM-NCFBR
SM-N657H,SM-N6549,SM-NCFBS
SM-N657K,SM-N654D,SM-NCFBT
SM-N54XZ,SM-N54Y1,SM-NCFBU
SM-N54UZ,SM-N54UX,SM-NCFBV
SM-N54SG,SM-N54SE,SM-NCFBW
SM-N54WN,SM-N54WO,SM-NCFBX
SM-N54XM,SM-N54XO,SM-NCFBY
SM-N54NL,SM-N54NH,SM-NCFBZ
SM-N54UJ,SM-N54UH,SM-NCFC1
SM-N54UE,SM-N54UD,SM-NCFC2
SM-N654Z,SM-N6551,SM-NCFC3
SM-N54U2,SM-N54U1,SM-NCFC4
SM-N3I1T,SM-N3I1V,SM-NCFC5
SM-N54TT,SM-N54TS,SM-NCFC6
SM-N54V3,SM-N54V2,SM-NCFC7
SM-N54TL,SM-N54TJ,SM-NCFC8
SM-N54XB,SM-N54XC,SM-NCFC9
SM-N54RZ,SM-N54RX,SM-NCFCB
SM-N54XQ,SM-N54XS,SM-NCFCC
SM-N54RH,SM-N54RE,SM-NCFCD
SM-N54WK,SM-N54WL,SM-NCFCE
SM-N54RQ,SM-N54RM,SM-NCFCF
SM-N54X3,SM-N54X4,SM-NCFCG
SM-N54TP,SM-N54TO,SM-NCFCH
SM-N54X7,SM-N54X8,SM-NCFCI
SM-N54VB,SM-N54VA,SM-NCFCJ
SM-N54TG,SM-N54TI,SM-NCFCK
SM-N54S3,SM-N54S2,SM-NCFCL
SM-N54TC,SM-N54TB,SM-NCFCM
SM-N54V8,SM-N54V6,SM-NCFCN
SM-N54R1,SM-N54R4,SM-NCFCO
SM-N54SZ,SM-N54T2,SM-NCFCP
SM-N54OQ,SM-N54OO,SM-NCFCQ
SM-N54TY,SM-N54TW,SM-NCFCR
SM-N54U7,SM-N54U5,SM-NCFCS
SM-N54UM,SM-N54UL,SM-NCFCT
SM-N54UU,SM-N54UP,SM-NCFCU
SM-N54UU,SM-N54UT,SM-NCFCV
SM-N54VN,SM-N54VM,SM-NCFCW
SM-N54S7,SM-N54S6,SM-NCFCX
SM-N3HZ3,SM-N3HZ2,SM-NCFCY
SM-N54SC,SM-N54SA,SM-NCFCZ
SM-N54VS,SM-N54VQ,SM-NCFD1
SM-N54UA,SM-N54U9,SM-NCFD2
SM-N54VJ,SM-N54VI,SM-NCFD3
SM-N54SN,SM-N54SP,SM-NCFD4
SM-N54PT,SM-N54PR,SM-NCFD5
SM-N54RU,SM-N54RT,SM-NCFD6
SM-N54NS,SM-N54NQ,SM-NCFD7
SM-N87S1,SM-N8813,SM-NCFD8
SM-N87U1,SM-N87ZJ,SM-NCFD9
SM-N87RR,SM-N87ZF,SM-NCFDA
SM-N6587,SM-N87SA,SM-NCFDB
SM-N87YL,SM-N8811,SM-NCFDC
SM-N87VV,SM-N87ZU,SM-NCFDD
SM-N87RO,SM-N8815,SM-NCFDE
SM-N87RD,SM-N87ZW,SM-NCFDG
SM-N87RL,SM-N87ZA,SM-NCFDH
SM-N6579,SM-N6541,SM-NCFDI
SM-N654J,SM-N654K,SM-NCFDJ
SM-N87UT,SM-N87ZS,SM-NCFDK
SM-N87VJ,SM-N87Z1,SM-NCFDL
SM-N87S6,SM-N87YV,SM-NCFDM
SM-N87S2,SM-N87ZP,SM-NCFDN
SM-N87RQ,SM-N87Z8,SM-NCFDO
SM-N87VR,SM-N87ZK,SM-NCFDP
SM-N87UW,SM-N87ZO,SM-NCFDQ
SM-N87RX,SM-N87ZI,SM-NCFDR
SM-N87VL,SM-N87Z3,SM-NCFDS
SM-N87VF,SM-N87YZ,SM-NCFDT
SM-N87RM,SM-N881B,SM-NCWQ3
SM-N87VE,SM-N87ZY,SM-NCWPV
SM-N87RI,SM-N881D,SM-NCWPO
SM-N87RA,SM-N87ZD,SM-NCWQL
SM-N87RC,SM-N87Z9,SM-NCWPR
SM-N87RK,SM-N87ZE,SM-NCWPU
SM-N2EBA,SM-N2EBC,SM-NCWPQ
SM-N87SW,SM-N87ST,SM-NCWPP
SM-N87VX,SM-N87ZN,SM-NCWPX
SM-N655T,SM-N659H,SM-NCWQ7
SM-N87SJ,SM-N87SB,SM-NCWPZ
SM-N87TD,SM-N657M,SM-NCWQM
SM-N87S7,SM-N87ZQ,SM-NCWQA
SM-N87VM,SM-N8817,SM-NCWPY
SM-N87VN,SM-N8818,SM-NCWPS
SM-N87RY,SM-N87ZX,SM-NCWPT
SM-N87T4,SM-N87SU,SM-NCWQN
SM-N6584,SM-N658V,SM-NCWQQ
SM-N6589,SM-N6593,SM-NCWQH
SM-N87V8,SM-N87ZV,SM-NCWQE
SM-N87VH,SM-N87S8,SM-NCWQ5
SM-N87R5,SM-N87S9,SM-NCWQD
SM-N657O,SM-N657Q,SM-NCWQ2
SM-N657S,SM-N657R,SM-NCWQ8
SM-N658F,SM-N658R,SM-NCWQG
SM-N658D,SM-N658P,SM-NCWQJ
SM-N655Q,SM-N659F,SM-NCWQO
SM-N87SQ,SM-N87SR,SM-NCWQP
SM-N87TA,SM-N87T9,SM-NCWQI
SM-N658J,SM-N658W,SM-NCWQK
SM-N655H,SM-N6591,SM-NCWQ1
SM-N6562,SM-N659P,SM-NCWQC
SM-N87T7,SM-N87T5,SM-NCWQB
SM-N6582,SM-N657Z,SM-NCWQ9
SM-N655J,SM-N6597,SM-NCWPF
SM-N658H,SM-N658T,SM-NCWPG
SM-N655G,SM-N658Y,SM-NCWQ6
SM-N87UP,SM-N881A,SM-NCWPH
SM-N87TZ,SM-N87YX,SM-NCWPI
SM-N87RS,SM-N87YT,SM-NCWPJ
SM-N87TI,SM-N87ZM,SM-NCWPK
SM-N87W1,SM-N87ZT,SM-NCWPL
SM-N87W6,SM-N87YW,SM-NCWPM
SM-N87VS,SM-N87ZC,SM-NCWPW
SM-N87TG,SM-N87Z5,SM-NCWPN
SM-N3HL7,SM-N3HL6,SM-NACNJ
SM-N3HWF,SM-N3HWD,SM-NACO1
SM-N3HYY,SM-N3HYX,SM-NACML
SM-N3HX6,SM-N3HX3,SM-NACNU
SM-N3I26,SM-N3I28,SM-NACMU
SM-N3I15,SM-N3I13,SM-NACNV
SM-N54N4,SM-N54N2,SM-NACOH
SM-N54NZ,SM-N54NX,SM-NACO6
SM-N3HWK,SM-N3HWH,SM-NACNF
SM-N3HMO,SM-N3HMN,SM-NACMX
SM-N3HX9,SM-N3HX7,SM-NACOE
SM-N3HXH,SM-N3HXF,SM-NACNZ
SM-N3HWW,SM-N3HWU,SM-NACNT
SM-N3HXO,SM-N3HXN,SM-NACN9
SM-N3I22,SM-N3I24,SM-NACNO
SM-N54OX,SM-N54OV,SM-NACND
SM-N3HXT,SM-N3HXR,SM-NACOD
SM-N3HZN,SM-N3HZP,SM-NACNM
SM-N3HML,SM-N3HMJ,SM-NACO5
SM-MVQMV,SM-MVQMW,SM-NACMK
SM-N3I33,SM-N3I35,SM-NACMQ
SM-N3HLR,SM-N3HLQ,SM-NACNQ
SM-N3HY6,SM-N3HY4,SM-NACNP
SM-N3HX1,SM-N3HWY,SM-NACNH
SM-NA1H5,SM-N9ZUE,SM-NMUDZ
SM-N87JZ,SM-NA1CV,SM-NMUE4
SM-NA1GQ,SM-NA1E4,SM-NMUDW
SM-NA1F6,SM-NA1EB,SM-NMUE1
SM-N87JU,SM-NA1CX,SM-NMUE3
SM-N87IV,SM-NA1D1,SM-NMUE5
SM-N87J6,SM-NA1CW,SM-NMUE2
SM-NA1H4,SM-NA1EE,SM-NMUDY
SM-NA1HL,SM-NA1D8,SM-NMUE7
SM-NA1HA,SM-NA1D9,SM-NMUE6
SM-NA1GR,SM-NA1DX,SM-NMUE9
SM-NA1H3,SM-NA1DU,SM-NMUE8
SM-NA1G6,SM-NA1DG,SM-NMUEA
SM-N87IG,SM-NA1D2,SM-NMUEL
SM-NA1HJ,SM-NA1EJ,SM-NMUEJ
SM-NA1HE,SM-NA1DA,SM-NMUEN
SM-N878M,SM-N872G,SM-NMUEK
SM-NA1H1,SM-NA1D4,SM-NMUEF
SM-NA1HM,SM-NA1D5,SM-NMUEH
SM-NA1GL,SM-N9ZUW,SM-NMUED
SM-NA1FD,SM-N9ZUF,SM-NMUEG
SM-NA1GU,SM-N9ZUG,SM-NMUEB
SM-NA1GN,SM-NA1ED,SM-NMUEC
SM-NA1GS,SM-NA1E2,SM-NMUEE
SM-N879W,SM-N87KQ,SM-NMUEM
SM-NA1FL,SM-NA1D6,SM-NMUER
SM-NA1F4,SM-NA1DK,SM-NMUEQ
SM-NA1HC,SM-NA1E6,SM-NMUET
SM-NA1EP,SM-NA1DE,SM-NMUES
SM-N87IF,SM-N871O,SM-NMUEO
SM-NA1ES,SM-NA1E7,SM-NMUEU
SM-NA1HG,SM-NA1DJ,SM-NMUEV
SM-NA1H7,SM-NA1EA,SM-NMUF2
SM-NA1GD,SM-NA1EC,SM-NMUF7
SM-NA1FI,SM-NA1E9,SM-NMUF5
SM-NA1FW,SM-NA1DW,SM-NMUEX
SM-NA1EM,SM-NA1E1,SM-NMUEW
SM-NA1FC,SM-NA1E3,SM-NMUF1
SM-N873X,SM-N872K,SM-NMUEZ
SM-N878O,SM-N87KR,SM-NMUF6
SM-NA1FR,SM-NA1DH,SM-NMUCK
SM-NA1GG,SM-NA1DI,SM-NMUF3
SM-NA1ER,SM-NA1DM,SM-NMUCJ
SM-N87JV,SM-N871R,SM-NMUCR
SM-NA1FT,SM-NA1DC,SM-NMUEY
SM-N87JL,SM-N8769,SM-NMUF4
SM-N87J1,SM-N8722,SM-NMUCO
SM-NA1GB,SM-NA1DR,SM-NMUCS
SM-NA1EL,SM-NA1DP,SM-NMUCU
SM-NA1GI,SM-NA1DD,SM-NMUCW
SM-NA1G3,SM-NA1DN,SM-NMUCX
SM-NA1G2,SM-NA1DT,SM-NMUCY
SM-N878P,SM-N8726,SM-NMUCM
SM-N87J3,SM-N872P,SM-NMUCN
SM-N879X,SM-N871Z,SM-NMUDU
SM-NA1FQ,SM-NA1DF,SM-NMUCL
SM-N87JA,SM-N876A,SM-NMUCP
SM-NA1EO,SM-NA1DY,SM-NMUCQ
SM-N87AC,SM-N87K8,SM-NMUCT
SM-N87I2,SM-N8724,SM-NMUCV
SM-N87W3,SM-N872E,SM-NMUD2
SM-N87A8,SM-N871V,SM-NMUD3
SM-N87K3,SM-N871T,SM-NMUD1
SM-N879E,SM-N872O,SM-NMUCZ
SM-N879I,SM-N872V,SM-NMUD4
SM-N879T,SM-N8723,SM-NMUD5
SM-N87IX,SM-N8721,SM-NMUDC
SM-N87J5,SM-N872D,SM-NMUDB
SM-N87IK,SM-N871Q,SM-NMUDA
SM-N87JG,SM-N872M,SM-NMUDO
SM-N87IL,SM-N871P,SM-NMUD6
SM-N879D,SM-N872L,SM-NMUDG
SM-N87I7,SM-N87KB,SM-NMUDE
SM-N87IO,SM-N87KC,SM-NMUDF
SM-N87AT,SM-N87K7,SM-NMUDD
SM-N87J8,SM-N8768,SM-NMUDN
SM-N87JX,SM-N872I,SM-NMUDM
SM-N8791,SM-N872C,SM-NMUDL
SM-N87AV,SM-N8728,SM-NMUDJ
SM-N87AK,SM-N8725,SM-NMUDH
SM-N87J4,SM-N872N,SM-NMUDI
SM-N879Y,SM-N87KL,SM-NMUD7
SM-N8798,SM-N8727,SM-NMUD8
SM-N879A,SM-N871W,SM-NMUD9
SM-N87AL,SM-N87KP,SM-NMUDQ
SM-N87K4,SM-N871Y,SM-NMUDP
SM-N879H,SM-N872H,SM-NMUDR
SM-N87U7,SM-N872J,SM-NMUDS
SM-N87IS,SM-N872A,SM-NMUDT
SM-N87AR,SM-N872B,SM-NLLSW
SM-N873Y,SM-N87KN,SM-NLLSV
SM-N87IJ,SM-N87KH,SM-NLLSU
SM-N879Q,SM-N872F,SM-NLLST
SM-N87A7,SM-N87KO,SM-NLLSS
SM-N879L,SM-N87KJ,SM-NLLSR
SM-N87YO,SM-N87YR,SM-NLLSQ
SM-N879P,SM-N872W,SM-NLLSP
SM-N87I9,SM-N871X,SM-NLLSO
SM-N87JF,SM-N87KV,SM-NLLSN
SM-N87AB,SM-N87KD,SM-NLLSM
SM-N87A9,SM-N87KE,SM-NLLSL
SM-N87II,SM-N87KM,SM-NLLSJ
SM-N87UJ,SM-N8819,SM-NLLSI
SM-N87TH,SM-N87Z7,SM-NLLSH
SM-N87RF,SM-N881C,SM-NLLSG
SM-N87UK,SM-N87Z4,SM-NLLSF
SM-N87ID,SM-N87KK,SM-NLLSE
SM-N87UD,SM-N87YQ,SM-NLLSA
SM-N87UC,SM-N87YY,SM-NLLS8
SM-N656G,SM-N6536,SM-NLLSC
SM-N8796,SM-N872S,SM-NLLSB
SM-N87VT,SM-N87ZH,SM-NLLSD
SM-N87IH,SM-N872U,SM-NLLS7
SM-N87UH,SM-N87ZB,SM-NLLS6
SM-N87V1,SM-N87YP,SM-NLLS1
SM-N87UF,SM-N87Z2,SM-NLLRZ
SM-N879N,SM-N872T,SM-NLLRY
SM-N87V3,SM-N87ZR,SM-NLLS5
SM-N87A1,SM-N872R,SM-NLLS4
SM-N87W4,SM-N87ZG,SM-NLLS3
SM-N878W,SM-N872Q,SM-NLLS2
SM-N87UE,SM-N87ZL,SM-NLLRX
SM-N87UO,SM-N8814,SM-NLLRW
SM-N87UR,SM-N87YU,SM-NLLRV
SM-N873W,SM-NA1CQ,SM-NMUEI
SM-NA11E,SM-NA1BM,SM-NMUEP
SM-N65OH,SM-NA1BM,SM-NMUDX
SM-N9ZYZ,SM-N9ZMP,SM-NMUF8
SM-N9ZZS,SM-N8747,SM-NLLRU
SM-NA15T,SM-N65LK,SM-NLLRT
SM-N65O3,SM-NA1BW,SM-NLLRS
SM-N9ZY9,SM-NA1BU,SM-NLLRP
SM-N65ON,SM-NA1BA,SM-NLLRR
SM-N65NV,SM-NA1C2,SM-NLLRH
SM-NA151,SM-NA1B6,SM-NLLRG
SM-NA14R,SM-N8746,SM-NLLRF
SM-NA11D,SM-NA1C7,SM-NLLRE
SM-NA14T,SM-N65RI,SM-NLLRD
SM-N9ZYB,SM-N65LJ,SM-NLLRC
SM-N9ZYG,SM-NA1AY,SM-NLLRB
SM-N9ZYE,SM-NA1AW,SM-NLLRA
SM-N87JS,SM-NA1CZ,SM-NLLR9
SM-NA166,SM-N65RG,SM-NLLR8
SM-NA11J,SM-N8743,SM-NLLTH
SM-N9ZZI,SM-NA1C4,SM-NLLQX
SM-NA118,SM-N65RH,SM-NLLR7
SM-NA11G,SM-N65OS,SM-NLLR6
SM-N9ZZ4,SM-NA1B5,SM-NLLR5
SM-N9ZZY,SM-NA1B3,SM-NLLR4
SM-N65OL,SM-NA1BH,SM-NLLR3
SM-N65OA,SM-NA1AV,SM-NLLR2
SM-NA155,SM-N8745,SM-NLLR1
SM-N65NW,SM-NA1C5,SM-NLLQZ
SM-NA15O,SM-NA1AU,SM-NLLQY
SM-N65O9,SM-NA1C6,SM-NLLTG
SM-NA114,SM-NA1C9,SM-NLLTK
SM-N87AF,SM-NA1D3,SM-NLLTJ
SM-NA1CI,SM-NA1CY,SM-NLLTI
SM-N9ZZW,SM-NA1C1,SM-NLLQV
SM-N9ZYY,SM-N9ZMR,SM-NLLT6
SM-N65NU,SM-NA1BG,SM-NLLT7
SM-NA15V,SM-N65OR,SM-NLLT5
SM-N87JM,SM-NA1CP,SM-NLLT4
SM-N9ZZJ,SM-N9ZMQ,SM-NLLT3
SM-N9ZYT,SM-NA1BL,SM-NLLT2
SM-N9ZYO,SM-N65OQ,SM-NLLT1
SM-NA15Z,SM-N9ZMS,SM-NLLSZ
SM-NA15Q,SM-NA1BK,SM-NLLSX
SM-NA14Q,SM-NA1BP,SM-NLLSY
SM-NA1CG,SM-NA1CM,SM-NMUIA
SM-N87AS,SM-N87KG,SM-NMUI9
SM-NA1GY,SM-NA1EH,SM-NMUI8
SM-NA1CE,SM-NA1CN,SM-NMUIB
SM-N87AN,SM-NA1CS,SM-NMUI7
SM-N87K1,SM-NA1CR,SM-NMUI6
SM-NA1FK,SM-NA1DQ,SM-NMUI5
SM-NA1GV,SM-NA1DV,SM-NMUI4
SM-N87I8,SM-NA1CU,SM-NMUI3
SM-NA1HB,SM-NA1EI,SM-NMUI2
SM-N87JE,SM-N871U,SM-NMUJH
SM-NA117,SM-NA1B8,SM-NLLRQ
SM-N9ZZ2,SM-N9ZMT,SM-NLLRO
SM-N9ZZR,SM-NA1BD,SM-NLLRN
SM-NA15L,SM-NA1BB,SM-NLLRM
SM-N65OF,SM-N873Z,SM-NLLRL
SM-NA111,SM-NA1B1,SM-NLLRK
SM-NA15X,SM-NA1BO,SM-NLLRJ
SM-NA162,SM-NA1BT,SM-NLLRI
SM-NA1EN,SM-NA1DS,SM-NLLQW
SM-NA15S,SM-NA1B4,SM-NLLTF
SM-N9ZZN,SM-NA1B2,SM-NLLTE
SM-N9ZZ9,SM-N9ZMU,SM-NLLTD
SM-N9ZZ7,SM-NA1AX,SM-NLLTC
SM-NA15C,SM-N9ZMV,SM-NLLTB
SM-N9ZZE,SM-N65OP,SM-NLLTA
SM-N87IY,SM-NA1CT,SM-NLLT9
SM-NA1FS,SM-NA1D7,SM-NLLT8
SM-NDJQE,SM-NDJZ3,SM-NN1FW
SM-NDJOA,SM-NDJZ2,SM-NN1G3
SM-NDJQG,SM-NDJZ5,SM-NN1G9
SM-NDJR6,SM-NDJYZ,SM-NN1E7
SM-NDJRT,SM-NDJZ4,SM-NN1E6
SM-NB8FW,SM-N65SY,SM-NMUJ5
SM-NB84J,SM-N65T4,SM-NMUJA
SM-NB83Q,SM-N65T6,SM-NMUJB
SM-NDJPG,SM-NDJXP,SM-NMUIC
SM-NDJOG,SM-NDJY9,SM-NMUIJ
SM-NDJPD,SM-NDJY6,SM-NMUII
SM-NDJPU,SM-NDJY2,SM-NMUIK
SM-NDJQ4,SM-NDJXZ,SM-NMUIL
SM-NDJPK,SM-NDJYK,SM-NMUID
SM-NDJO6,SM-NDJXW,SM-NMUIF
SM-NDJOF,SM-NDJXR,SM-NMUIE
SM-NB848,SM-N65SH,SM-NMUIG
SM-NB83K,SM-N65SX,SM-NMUIH
SM-NDJPQ,SM-NDJYT,SM-NMUIM
SM-NDJO3,SM-NDJYR,SM-NMUIO
SM-NDJNV,SM-NDJYO,SM-NMUIN
SM-NB84H,SM-NB8W5,SM-NMUI1
SM-N65O1,SM-NA1BR,SM-NMUIP
SM-NB8G7,SM-NB8VZ,SM-NMUIR
SM-NDJO9,SM-NDJYQ,SM-NMUIT
SM-NDJOB,SM-NDJXV,SM-NMUIU
SM-NB83G,SM-NB8XB,SM-NMUJ1
SM-NDJO7,SM-NDJXT,SM-NMUIV
SM-NB8H5,SM-N65SJ,SM-NMUIW
SM-NB84G,SM-N65SI,SM-NMUIX
SM-NB83T,SM-N65T8,SM-NMUIY
SM-NB841,SM-N65T7,SM-NMUIZ
SM-NB83Y,SM-N65T9,SM-NMUJ4
SM-NB8E4,SM-N65T3,SM-NMUJ3
SM-NA14S,SM-NA1AZ,SM-NMUJ6
SM-NB8FI,SM-N65T5,SM-NMUJD
SM-NB84P,SM-NB8W6,SM-NMUJ8
SM-NB84R,SM-N65SQ,SM-NMUJ7
SM-NB8H2,SM-N65TA,SM-NMUJ9
SM-NB8GB,SM-NB8X9,SM-NMUJE
SM-NB8G9,SM-NB8WV,SM-NMUKH
SM-NB8GC,SM-NB8WZ,SM-NMUKI
SM-NB8H3,SM-N65T1,SM-NMUKF
SM-NB8GQ,SM-NB8WQ,SM-NMUKG
SM-NB8FC,SM-NB8XA,SM-NMUKE
SM-NB83E,SM-NB8WT,SM-NMUK5
SM-NA1FU,SM-NA1DO,SM-NMUK4
SM-NB8GN,SM-NB8WX,SM-NMUK3
SM-NB8ED,SM-NB8W4,SM-NMUK2
SM-NB8GI,SM-NB8VY,SM-NMUK1
SM-NB8EI,SM-NB8WA,SM-NMUJZ
SM-NA119,SM-NA1CC,SM-NMUJY
SM-NB8EJ,SM-NB8VX,SM-NMUJW
SM-NB8E7,SM-NB8X6,SM-NMUJV
SM-NB8FV,SM-NB8WI,SM-NMUJU
SM-N9ZZC,SM-NA1BC,SM-NMUJT
SM-NA11A,SM-NA1B9,SM-NMUJS
SM-NB83D,SM-NB8WU,SM-NMUJX
SM-NB8FT,SM-NB8X7,SM-NMUJR
SM-NB8G6,SM-NB8X5,SM-NMUJQ
SM-NB8GO,SM-NB8X4,SM-NMUJP
SM-NA11F,SM-NA1BZ,SM-NMUJN
SM-N9ZZT,SM-NA1BV,SM-NMUJM
SM-NA1HN,SM-NA1EF,SM-NMUJL
SM-NA113,SM-NA1B7,SM-NMUJK
SM-NA154,SM-N8741,SM-NMUJJ
SM-NB8ER,SM-NB8WF,SM-NMUJI
SM-NB8GJ,SM-NB8WE,SM-NMUIS
SM-NB8F7,SM-NB8WB,SM-NN1FC
SM-NB8G5,SM-NB8W9,SM-NN1F4
SM-NA15I,SM-NA1BS,SM-NN1F3
SM-N9ZYI,SM-NA1CB,SM-NMUKK
SM-NB8EB,SM-NB8WJ,SM-NMUKL
SM-NB8GY,SM-NB8WL,SM-NMUKM
SM-N65NX,SM-NA1BY,SM-NMUKN
SM-NB84I,SM-NB8W2,SM-NMUKO
SM-NB8GU,SM-NB8WN,SM-NMUKP
SM-NB83U,SM-N65ST,SM-NMUJG
SM-NA158,SM-NA1BQ,SM-NMUJF
SM-NB8GS,SM-NB8X2,SM-NMUJC
SM-NB849,SM-NB8W8,SM-NMUJ2
SM-N9ZYW,SM-NA1BN,SM-NMUKD
SM-NB8F1,SM-NB8WK,SM-NMUKC
SM-NB83H,SM-NB8WS,SM-NMUKB
SM-NB8EK,SM-NB8WP,SM-NMUKA
SM-NB8GA,SM-NB8X1,SM-NMUK9
SM-NB8EG,SM-NB8WY,SM-NMUK8
SM-NB8G8,SM-NB8WW,SM-NMUK7
SM-NB8E5,SM-NB8W3,SM-NMUKJ
SM-NB8E3,SM-NB8W1,SM-NMUK6
SM-NDJU6,SM-NDJ58,SM-NN1FZ
SM-NDJ7A,SM-NDJ4Y,SM-NN1FI
SM-NDJU8,SM-NDJV1,SM-NN1FT
SM-NDJ78,SM-NDJ4X,SM-NN1G6
SM-NDJTS,SM-NDJ56,SM-NN1GC
SM-NDJRP,SM-NDJYE,SM-NN1DW
SM-NDJ6Z,SM-NDJ4E,SM-NN1E2
SM-NDJS1,SM-NDJZA,SM-NN1F5
SM-NDJ6N,SM-NDJUS,SM-NN1FH
SM-NDJ6Y,SM-NDJ4N,SM-NN1FS
SM-NDJ7D,SM-NDJ4K,SM-NN1FN
SM-NDJ79,SM-NDJ4D,SM-NN1FY
SM-NDJ5D,SM-NDJ59,SM-NN1G5
SM-NDJU1,SM-NDJ55,SM-NN1GB
SM-NDJ7L,SM-NDJ4Z,SM-NN1DO
SM-NDJQC,SM-NDJXJ,SM-NN1F6
SM-NDJ6X,SM-NDJ5B,SM-NN1E4
SM-NDJ5F,SM-NDJ4F,SM-NN1FM
SM-NDJ7G,SM-NDJ4J,SM-NN1FL
SM-NDJOY,SM-NDJXS,SM-NN1FQ
SM-NDJSG,SM-NDJZC,SM-NN1FG
SM-NDJQ2,SM-NDJZ6,SM-NN1FR
SM-NDJRB,SM-NDJXA,SM-NN1FX
SM-NDJR3,SM-NDJZB,SM-NN1G4
SM-NDJP5,SM-NDJZ7,SM-NN1GA
SM-NDJR7,SM-NDJYI,SM-NN1E3
SM-NDJ71,SM-NDJ4M,SM-NN1DZ
SM-NDJ5C,SM-NDJ4I,SM-NN1F7
SM-NDJQ9,SM-NDJ4H,SM-NN1FD
SM-NDJRX,SM-NDJXL,SM-NN1F8
SM-NDJP2,SM-NDJZ8,SM-NN1FF
SM-NDJRD,SM-NDJZ1,SM-NN1FK
SM-NDJR4,SM-NDJYU,SM-NN1FP
SM-NDJSD,SM-NDJXN,SM-NN1FV
SM-NDJRE,SM-NDJXI,SM-NN1G2
SM-NDJS4,SM-NDJXH,SM-NN1G8
SM-NDJQK,SM-NDJXG,SM-NN1DX
SM-NDJOQ,SM-NDJYC,SM-NN1E1
SM-NDJPB,SM-NDJYY,SM-NN1EW
SM-NDJRQ,SM-NDJXO,SM-NN1EV
SM-NDJSE,SM-NDJX8,SM-NN1F9
SM-NDJQV,SM-NDJXD,SM-NN1EX
SM-NDJS2,SM-NDJXB,SM-NN1FB
SM-NDJQX,SM-NDJX7,SM-NN1EZ
SM-NDJRF,SM-NDJX5,SM-NN1EY
SM-NDJQ5,SM-NDJY8,SM-NN1F2
SM-NB8F8,SM-N65SP,SM-NN1FA
SM-NDJR1,SM-NDJYW,SM-NN1EU
SM-NDJPJ,SM-NDJY5,SM-NN1ET
SM-NDJSA,SM-NDJYJ,SM-NN1ES
SM-NDJO5,SM-NDJYF,SM-NN1ER
SM-NDJQU,SM-NDJX9,SM-NN1EQ
SM-NDJRY,SM-NDJXE,SM-NN1EO
SM-NDJPE,SM-NDJXK,SM-NN1EM
SM-NB8H1,SM-NB8X3,SM-NN1DP
SM-NB8G3,SM-N65T2,SM-NN1DQ
SM-NB84O,SM-N65SW,SM-NN1DR
SM-NB8FY,SM-NB8W7,SM-NN1DS
SM-NB8FM,SM-NB8WO,SM-NN1DT
SM-NB8FG,SM-N65SM,SM-NN1DU
SM-NB8GV,SM-N65SN,SM-NN1DV
SM-NB83M,SM-N65SG,SM-NN1E9
SM-NB8FN,SM-N65SK,SM-NN1EB
SM-NDJRR,SM-NDJXF,SM-NN1EN
SM-N656A,SM-N652Z,SM-NN1EL
SM-NDJS8,SM-NDJX6,SM-NN1EK
SM-NDJP7,SM-NDJY3,SM-NN1EJ
SM-NB8G4,SM-NB8WD,SM-NN1EC
SM-NDJP9,SM-NDJYS,SM-NN1EI
SM-NDJP3,SM-NDJYB,SM-NN1EA
SM-NDJPC,SM-NDJY4,SM-NN1E8
SM-NDJO1,SM-NDJYL,SM-NN1EH
SM-NDJOI,SM-NDJXQ,SM-NN1EG
SM-NDJSB,SM-NDJYG,SM-NN1EF
SM-NDJNY,SM-NDJY7,SM-NN1EE
SM-NDJO8,SM-NDJYP,SM-NN1ED
SM-NDJTT,SM-NDJV6,SM-NLWPV
SM-NDJUP,SM-NDJUW,SM-NLWQ5
SM-NG2B3,SM-NG2JD,SM-NLL5S
SM-NG2IJ,SM-NG2J8,SM-NLWQ8
SM-NG2A2,SM-NG2QD,SM-NKILW
SM-NG29T,SM-NG2Q8,SM-NF551
SM-NDJTE,SM-NDJ4T,SM-NKILX
SM-NDJUQ,SM-NDJ4R,SM-NKIMW
SM-NDJTV,SM-NDJVB,SM-NGZ58
SM-NG29V,SM-NG2Q7,SM-NGZ6V
SM-NDJQY,SM-NDJYX,SM-NLWPY
SM-NG2A1,SM-NG2JJ,SM-NLWQ7
SM-NG29S,SM-NG2Q9,SM-NLWQB
SM-NG2IQ,SM-NG2JL,SM-NLL5U
SM-NDJTI,SM-NDJ4U,SM-NKIML
SM-NDJTK,SM-NDJVD,SM-NKIM8
SM-NG29Z,SM-NG2JK,SM-NF55D
SM-NG2I6,SM-NG2RB,SM-NGZ5W
SM-NDJTA,SM-NDJ4V,SM-NN1DY
SM-NDJTC,SM-NDJ4S,SM-NN1FE
SM-NG2IR,SM-NG2KP,SM-NN1FJ
SM-NDJUF,SM-NDJUU,SM-NN1FO
SM-NDJ6R,SM-NDJV2,SM-NN1FU
SM-NDJTO,SM-NDJV3,SM-NN1G1
SM-NG2IF,SM-NG2JN,SM-NN1G7
SM-NDJT9,SM-NDJVC,SM-NN1GD
SM-NDJUG,SM-NDJVI,SM-NN1E5
SM-NDJT8,SM-NDJ4P,SM-NGZ77
SM-NDJS6,SM-NDJUZ,SM-NLWPX
SM-NDJSY,SM-NDJV8,SM-NLWQ6
SM-NDJOO,SM-NDJXY,SM-NLWQA
SM-NDJU3,SM-NDJV7,SM-NLL5H
SM-NDJ6W,SM-NDJ4G,SM-NKIM9
SM-NDJUA,SM-NDJUY,SM-NKIMA
SM-NDJT2,SM-NDJUV,SM-NKIMK
SM-NDJTZ,SM-NDJUX,SM-NF55P
SM-NDJTB,SM-NDJVH,SM-NGZ7K
SM-NDJ6G,SM-NDJV9,SM-NLWPW
SM-NDJT7,SM-NDJ5A,SM-NLWPT
SM-NDJUH,SM-NDJV4,SM-NLWPU
SM-NDJ6K,SM-NDJ52,SM-NLWQ9
SM-NHAVP,SM-NG2KE,SM-NLWPS
SM-NR7J5,SM-NR86Y,SM-OHOPS
SM-NR7JQ,SM-NR86V,SM-OHOPT
SM-NO4N8,SM-NO4D5,SM-OHOPU
SM-NR7KO,SM-NR7YA,SM-OHOPV
SM-NR88G,SM-NO4C2,SM-OHOPW
SM-NG2HS,SM-NG2QK,SM-OHOPX
SM-NG2BH,SM-NG2R3,SM-OHOPY
SM-NG2HR,SM-NG2PZ,SM-OHOPZ
SM-NG2HC,SM-NG2QS,SM-OHOQ1
SM-NG2I3,SM-NG2PY,SM-OHOQ2
SM-NG2BW,SM-NG2QZ,SM-OHOQ3
SM-NG2GQ,SM-NG2QJ,SM-OHOQ4
SM-NG2A6,SM-NG2J9,SM-OHOQ6
SM-NG2BK,SM-NG2QQ,SM-OHOQ7
SM-NG2BI,SM-NG2R4,SM-OHOQ8
SM-NG2BZ,SM-NG2RI,SM-OHOQ9
SM-NG2A9,SM-NG2RE,SM-OHOQA
SM-NDJ7H,SM-NDJ4O,SM-OHOQB
SM-NG2BD,SM-NG2R2,SM-OHOQC
SM-NG29W,SM-NG2JP,SM-OHOQD
SM-NG2AH,SM-NG2RC,SM-OHOQE
SM-NG2AO,SM-NDJZD,SM-OHOQF
SM-NG2AR,SM-NG2QF,SM-OHOQH
SM-NG2AP,SM-NG2RK,SM-OHOQI
SM-NG2B7,SM-NG2RF,SM-OHOQJ
SM-NG2AW,SM-NG2JE,SM-OHOQK
SM-NG2IN,SM-NG2QC,SM-OHOQL
SM-NDJTG,SM-NDJ4Q,SM-OHOQM
SM-NG29R,SM-NG2JH,SM-OHOQN
SM-NDJTP,SM-NDJVG,SM-OHOQO
SM-NG29U,SM-NG2JA,SM-OHOQP
SM-NG29Q,SM-NG2Q6,SM-OHOQQ
SM-NG2AV,SM-NG2JC,SM-OHOQR
SM-NG2IV,SM-NG2JG,SM-OHOQS
SM-NG2AX,SM-NG2JB,SM-OHOQT
SM-NG2A5,SM-NG2QE,SM-OHOQU
SM-NG2AF,SM-NG2QA,SM-OHOQV
SM-NJBNK,SM-NJBOE,SM-OHOR2
SM-NJBHY,SM-NM6Q3,SM-OHOR3
SM-NJBVS,SM-NHAME,SM-OHOR4
SM-NJBNA,SM-NM6QB,SM-OHOR5
SM-NJBWH,SM-NHAMI,SM-OHOR6
SM-NJBWF,SM-NHAMF,SM-OHOR7
SM-NJBVY,SM-NHAMD,SM-OHOR8
SM-NJBWY,SM-NHAM4,SM-OHOR9
SM-NJBUK,SM-NHAMG,SM-OHORA
SM-NJBW9,SM-NHAMB,SM-OHORB
SM-NJBUO,SM-NHALZ,SM-OHORC
SM-NJBWJ,SM-NHAM8,SM-OHORD
SM-NG2GN,SM-NM6Q6,SM-OHORE
SM-NHB1F,SM-NHAHJ,SM-OHORO
SM-NHAT9,SM-NG2KS,SM-OHORP
SM-NJBVF,SM-NHAL6,SM-OHORQ
SM-NG2BV,SM-NG2QP,SM-OHORR
SM-NJBUX,SM-NHAL7,SM-OHORS
SM-NHAU9,SM-NHAHR,SM-OHOPF
SM-NHB1J,SM-NHAHP,SM-OHOPE
SM-NHAVD,SM-NHAHK,SM-OHOPD
SM-NHAU7,SM-NHAHO,SM-OHOPC
SM-NHATB,SM-NHAHI,SM-OHOPB
SM-NJBVL,SM-NHALE,SM-OHOPA
SM-NJBV9,SM-NHAL4,SM-OHOP9
SM-NHARZ,SM-NG2KY,SM-OHOP8
SM-NHAUN,SM-NG2KO,SM-OHOP7
SM-NHARN,SM-NG2JS,SM-OHOP6
SM-NHB1P,SM-NG2KL,SM-OHOP5
SM-NHB1H,SM-NG2L1,SM-OHOP4
SM-NHAUM,SM-NHAHH,SM-OHOPR
SM-NHAVH,SM-NHAHE,SM-OHOPQ
SM-NHARY,SM-NG2KU,SM-OHOPP
SM-NHAV7,SM-NG2KR,SM-OHOPO
SM-NHAUX,SM-NG2KQ,SM-OHOPN
SM-NHATX,SM-NG2KV,SM-OHOPM
SM-NHAS2,SM-NG2J4,SM-OHOPL
SM-NHAUH,SM-NG2KN,SM-OHOPK
SM-NHATM,SM-NG2J7,SM-OHOPJ
SM-NG2GR,SM-NG2QN,SM-OHQWI
SM-NHATO,SM-NG2JX,SM-OHQVH
SM-NHARS,SM-NG2K4,SM-OHQWQ
SM-NHARU,SM-NG2J5,SM-OHQVG
SM-NHAUR,SM-NG2JW,SM-OHQW3
SM-NHASZ,SM-NG2J6,SM-OHQVF
SM-NG2HE,SM-NG2RA,SM-OHQWB
SM-NG2H3,SM-NG2QM,SM-OHQVA
SM-NG2HD,SM-NG2QV,SM-OHQV1
SM-NG2AY,SM-NG2QR,SM-OHQVC
SM-NG2AU,SM-NG2PW,SM-OHQVB
SM-NG2AZ,SM-NG2QH,SM-OHQW7
SM-NG2AN,SM-NG2RH,SM-OHQVE
SM-NJBV4,SM-NHALG,SM-OHORF
SM-NJBWP,SM-NHAMC,SM-OHORG
SM-NJBWE,SM-NHALX,SM-OHORH
SM-NJBUS,SM-NHAM7,SM-OHORI
SM-NJBVE,SM-NHALK,SM-OHORJ
SM-NHAS7,SM-NG2JU,SM-OHORK
SM-NHB1G,SM-NHAHT,SM-OHORL
SM-NJBVI,SM-NHALC,SM-OHORM
SM-NJBVC,SM-NHALA,SM-OHORN
SM-NHATK,SM-NG2KM,SM-OHOPI
SM-NHAUS,SM-NG2KK,SM-OHOPG
SM-NHATR,SM-NG2KI,SM-OHOPH
SM-NHASW,SM-NG2KF,SM-OHOQW
SM-NHAV4,SM-NG2IZ,SM-OHOQX
SM-NHAVQ,SM-NG2J3,SM-OHOQY
SM-NHAUQ,SM-NHA8N,SM-OHOQZ
SM-NHAT7,SM-NG2K5,SM-OHOR1
SM-NG2AM,SM-NG2RG,SM-OHQWX
SM-NHATD,SM-NHAHU,SM-OHQVD
SM-NHAVN,SM-NG2L3,SM-OHQV3
SM-NHAUW,SM-NHAHS,SM-OHQV5
SM-NHAUB,SM-NHAHQ,SM-OHQV7
SM-NHARI,SM-NG2JZ,SM-OHQWJ
SM-NG2HI,SM-NG2R7,SM-OHQWW
SM-NHASY,SM-NG2KD,SM-OHQUZ
SM-NG2HN,SM-NG2QY,SM-OHQV6
SM-NHAS8,SM-NHAHF,SM-OHQVQ
SM-NHAS6,SM-NG2IY,SM-OHQUY
SM-NG2GX,SM-NG2R9,SM-OHQWN
SM-NHAT5,SM-NG2J2,SM-OHQUX
SM-NHASN,SM-NG2K9,SM-OHQWC
SM-NHARR,SM-NG2K7,SM-OHQUV
SM-NHARX,SM-NG2K1,SM-OHQUW
SM-NG2I4,SM-NG2R8,SM-OHQVJ
SM-NG2HX,SM-NG2QL,SM-OHQV2
SM-NHARM,SM-NG2KB,SM-OHQX3
SM-NG2I5,SM-NG2QT,SM-OHQUT
SM-NG2H2,SM-NG2QO,SM-OHQUS
SM-NG2BX,SM-NG2JQ,SM-OHQUP
SM-NG2BO,SM-NG2QG,SM-OHQUN
SM-NG2B6,SM-NG2RD,SM-OHQV4
SM-NG2H1,SM-NG2Q2,SM-OHQWO
SM-NG2H9,SM-NG2QW,SM-OHQW8
SM-NG2HZ,SM-NG2Q4,SM-OHQUU
SM-NG2HV,SM-NG2Q3,SM-OHQWA
SM-NG2GW,SM-NG2QU,SM-OHQUQ
SM-NG2IE,SM-NG2JO,SM-OHQWL
SM-NJBVU,SM-NHALY,SM-OHQV8
SM-NHAV3,SM-NHAHN,SM-OHQUM
SM-NJBUL,SM-NHALF,SM-OHQV9
SM-NJBU5,SM-NHALS,SM-OHQW4
SM-NJBWT,SM-NHAMA,SM-OHQUR
SM-NJBUZ,SM-NHALM,SM-OHQUL
SM-NJBX1,SM-NHAM2,SM-OHQWG
SM-NJBW7,SM-NHALL,SM-OHQUK
SM-NJBVJ,SM-NHALH,SM-OHQUO
SM-NJBWU,SM-NHALW,SM-OHQUJ
SM-NHAU8,SM-NG2KT,SM-OHQWR
SM-NJBV5,SM-NHALR,SM-OHQWS
SM-NJBWL,SM-NHAM1,SM-OHQX5
SM-NJBWG,SM-NHAM3,SM-OHQWV
SM-NJBUA,SM-NHAM5,SM-OHQX4
SM-NJBUG,SM-NHALV,SM-OHQWY
SM-NJBVP,SM-NHALJ,SM-OHQX6
SM-NJBWB,SM-NHALD,SM-OHQWU
SM-NJBW3,SM-NHALQ,SM-OHQWT
SM-NHAVJ,SM-NG2L5,SM-OHQWZ
SM-NJBV1,SM-NHALN,SM-OHQX7
SM-NJBU8,SM-NHALB,SM-OHQX8
SM-NB8CU,SM-NM6PF,SM-OHQVX
SM-NJBTI,SM-NM6BK,SM-OHQW2
SM-NB8CM,SM-NM6D3,SM-OHQWK
SM-NJBTW,SM-NM6CY,SM-OHQWD
SM-NB8E2,SM-NM6BQ,SM-OHQVW
SM-NB8DA,SM-NM6DE,SM-OHQWE
SM-NJBTG,SM-NM6CZ,SM-OHQVU
SM-NB8D2,SM-NM6BP,SM-OHQW1
SM-NJBTC,SM-NM6CN,SM-OHQVT
SM-NA11T,SM-NM6CL,SM-OHQVZ
SM-NJBTT,SM-NM6CI,SM-OHQWM
SM-NB8CV,SM-NM6BS,SM-OHQVY
SM-NJBTE,SM-NM6CB,SM-OHQVS
SM-NB8DK,SM-NM6DF,SM-OHQVP
SM-NB8DN,SM-NM6CK,SM-OHQWF
SM-NA11R,SM-NM6DC,SM-OHQW5
SM-NJBTQ,SM-NM6CM,SM-OHQWP
SM-NJBTD,SM-NM6CD,SM-OHQVO
SM-NA11S,SM-NM6DB,SM-OHQVL
SM-NJBTK,SM-NM6D7,SM-OHQWH
SM-NJBU3,SM-NM6D4,SM-OHQW6
SM-NJBT5,SM-NM6C9,SM-OHQX2
SM-NB8DX,SM-NM6CJ,SM-OHQVN
SM-NJBIK,SM-NJBOI,SM-OHQW9
SM-N96R2,SM-NM6C8,SM-OHQVM
SM-NJBJH,SM-NJBOJ,SM-OHQX1
SM-NJBHK,SM-NJBOF,SM-OHQVI
SM-NHATC,SM-NM6QC,SM-OHQVR
SM-NJBT6,SM-NM6CF,SM-OHR8C
SM-NJBI5,SM-NM6QX,SM-OHR83
SM-NJBOC,SM-NJBOH,SM-OHR7R
SM-NM6P5,SM-NM6OR,SM-OHR7J
SM-N96R3,SM-NM6CG,SM-OHR79
SM-NJBTN,SM-NM6D5,SM-OHR6Z
SM-NJBHW,SM-NJBOG,SM-OHR95
SM-NJBIV,SM-NM6PO,SM-OHR8W
SM-NJBIN,SM-NJBOP,SM-OHR8M
SM-NJBI3,SM-NJBOO,SM-OHR8D
SM-NJBJ2,SM-NM6QW,SM-OHR84
SM-NJBOB,SM-NM6QT,SM-OHR7S
SM-NJBIB,SM-NM6PZ,SM-OHR7G
SM-NJBIL,SM-NJBON,SM-OHR7A
SM-NJBNW,SM-NM6QM,SM-OHR71
SM-NJBJJ,SM-NJBOK,SM-OHR97
SM-NJBIU,SM-NJBOL,SM-OHR8V
SM-NJBJ4,SM-NJBOQ,SM-OHR8N
SM-NJBO9,SM-NM6Q1,SM-OHR8E
SM-NJBIP,SM-NM6PQ,SM-OHR85
SM-NJBJD,SM-NM6QO,SM-OHR7T
SM-NJBI1,SM-NM6QF,SM-OHR7L
SM-NJBJ1,SM-NM6PY,SM-OHR7B
SM-NJBHV,SM-NM6PW,SM-OHR72
SM-NHARQ,SM-NM6PS,SM-OHR96
SM-NJBHI,SM-NM6QD,SM-OHR8X
SM-NJBHS,SM-NM6QJ,SM-OHR8O
SM-NJBIM,SM-NM6QI,SM-OHR8F
SM-NJBJ7,SM-NM6QS,SM-OHR86
SM-NJBNU,SM-NM6QH,SM-OHR7W
SM-NJBIT,SM-NM6PU,SM-OHR7K
SM-NJBWQ,SM-NHAMH,SM-OHR7C
SM-NJBJK,SM-NM6PL,SM-OHR73
SM-NJBN6,SM-NM6PN,SM-OHR6I
SM-NJBID,SM-NM6QK,SM-OHR6J
SM-NJBNI,SM-NM6PT,SM-OHR6K
SM-NJBJC,SM-NM6QP,SM-OHR6L
SM-NJBI6,SM-NM6QV,SM-OHR6M
SM-NJBJN,SM-NM6PM,SM-OHR6N
SM-NJBIF,SM-NM6QQ,SM-OHR6O
SM-NJBN5,SM-NM6PK,SM-OHR6P
SM-NJBHT,SM-NM6QG,SM-OHR6Q
SM-NJBUI,SM-NHAM9,SM-OHR6T
SM-NJBHR,SM-NM6PI,SM-OHR6R
SM-NJBNF,SM-NM6QE,SM-OHR6S
SM-NJBHJ,SM-NM6PR,SM-OHR8Y
SM-NJBO3,SM-NM6PJ,SM-OHR8P
SM-NJBNS,SM-NM6Q4,SM-OHR8G
SM-NJBND,SM-NM6Q7,SM-OHR87
SM-NJBN7,SM-NM6PV,SM-OHR7X
SM-NJBNH,SM-NM6Q5,SM-OHR7M
SM-NM6P6,SM-NM6QA,SM-OHR7D
SM-NJBNR,SM-NM6Q8,SM-OHR74
SM-NJBNG,SM-NM6Q9,SM-OHR6U
SM-NHARD,SM-NM6PH,SM-OHR8Z
SM-NJBW8,SM-NHAM6,SM-OHR8Q
SM-NJBNP,SM-NJBOD,SM-OHR8H
SM-NM69V,SM-NM6C3,SM-OIR8J
SM-NM6A1,SM-NM6CT,SM-OIR9Q
SM-NM6B3,SM-NM6OP,SM-OIR8Z
SM-NM6AT,SM-NM6PE,SM-OIR8F
SM-MXVMJ,SM-MXVMK,SM-OIR85
SM-NM69T,SM-NM6BU,SM-OIR7Z
SM-NM6B5,SM-NM6PD,SM-OIR7P
SM-NB8CR,SM-NM6C7,SM-OIR9G
SM-NM6BG,SM-NM6OQ,SM-OIR8L
SM-NJBT1,SM-NM6D1,SM-OIR8O
SM-NM69Z,SM-NM6P9,SM-OIR95
SM-NM6B6,SM-NM6P7,SM-OIR93
SM-NM6BC,SM-NM6PB,SM-OIR89
SM-NM6BH,SM-NM6BJ,SM-OIR7Y
SM-NB8DL,SM-NM6C6,SM-OIR82
SM-NB8D8,SM-NM6BO,SM-OIR9M
SM-NJBTY,SM-NM6CX,SM-OIR8Q
SM-NB8DW,SM-NM6D2,SM-OIR9U
SM-NB8DB,SM-NM6D9,SM-OIR8A
SM-NB8DT,SM-NM6D8,SM-OIR7M
SM-NJBT8,SM-NM6CC,SM-OIR9A
SM-NM6B7,SM-NM6BR,SM-OIR8W
SM-NB8DS,SM-NM6BI,SM-OIR9J
SM-NA11L,SM-NM6CE,SM-OIR8E
SM-NO484,SM-NM634,SM-OHR6V
SM-NO48L,SM-NM63D,SM-OHR91
SM-NM69R,SM-NM6CR,SM-OHR8R
SM-NB8DM,SM-NM6CO,SM-OHR8I
SM-NO4G3,SM-NM63I,SM-OHR89
SM-NO48R,SM-NM63E,SM-OHR7Z
SM-NO48F,SM-NM63C,SM-OHR7O
SM-NO47Q,SM-NM636,SM-OHR7F
SM-NO478,SM-NM62M,SM-OHR76
SM-NM69O,SM-NM6BV,SM-OHR6W
SM-NO475,SM-NM62N,SM-OHR92
SM-NO46Q,SM-NM62J,SM-OHR8S
SM-NJBUV,SM-NM6CW,SM-OHR8J
SM-NO47X,SM-NM631,SM-OHR8A
SM-NO47R,SM-NM62Y,SM-OHR81
SM-NO479,SM-NM62T,SM-OHR7P
SM-NM69W,SM-NM6BT,SM-OHR7I
SM-NB8CY,SM-NM6CA,SM-OHR78
SM-NM6AY,SM-NM6BZ,SM-OHR6Y
SM-NM6B8,SM-NM6PC,SM-OHR94
SM-NM6B2,SM-NM6PA,SM-OHR8U
SM-NB8DE,SM-NM6PG,SM-OHR8L
SM-NR7KV,SM-NR7Y3,SM-OHR7Y
SM-NR7KK,SM-NR7YF,SM-OHR7N
SM-NR7KS,SM-NR7Y6,SM-OHR7E
SM-NO3Z4,SM-NO4BE,SM-OHR75
SM-NO4NJ,SM-NO4CZ,SM-OIR8N
SM-NO4NK,SM-NO4D2,SM-OIR8I
SM-NO4N9,SM-NO4D9,SM-OIR7L
SM-NR7L7,SM-NR7Y4,SM-OIR83
SM-NR87K,SM-NO4CR,SM-OIR7B
SM-NO4N4,SM-NO4D8,SM-OIR92
SM-NO4HJ,SM-NO4D4,SM-OIR7K
SM-NO4ND,SM-NO4D3,SM-OIR8C
SM-NO4NF,SM-NO4D6,SM-OIR7J
SM-NR87B,SM-NO4CG,SM-OIR7V
SM-NR88J,SM-NO4CL,SM-OIR7I
SM-NR87T,SM-NO4CT,SM-OIR7R
SM-NO3ZI,SM-NO4CY,SM-OIR7A
SM-NR87W,SM-NO4CO,SM-OIR7G
SM-NR87Y,SM-NO4CD,SM-OIR9H
SM-NR87S,SM-NO4CS,SM-OIR91
SM-NR879,SM-NO4CN,SM-OIR9W
SM-NR88K,SM-NO4CJ,SM-OIR7F
SM-NR88E,SM-NO4CE,SM-OIR8D
SM-NO4GQ,SM-NM699,SM-OIR8K
SM-NO4G7,SM-NM68T,SM-OIR9F
SM-NM69S,SM-NM6CP,SM-OIR9I
SM-NO4HR,SM-NM68O,SM-OIR88
SM-NO4GD,SM-NM63L,SM-OIR9T
SM-NO4G5,SM-NM63J,SM-OIR8T
SM-NO4FY,SM-NM63M,SM-OIR7O
SM-NO486,SM-NM63O,SM-OIR7T
SM-NO4GM,SM-NM63R,SM-OIR96
SM-NO48P,SM-NM638,SM-OIR8S
SM-NO4GB,SM-NM68M,SM-OIR8H
SM-NO48E,SM-NM63F,SM-OIR9P
SM-NM69M,SM-NM6C2,SM-OIR9C
SM-NO4G9,SM-NM63H,SM-OIR9V
SM-NO48W,SM-NM63A,SM-OIR9K
SM-NO48N,SM-NM639,SM-OIR9L
SM-NO47N,SM-NM635,SM-OIR7S
SM-NO472,SM-NM62R,SM-OHR7H
SM-NM69K,SM-NM6CS,SM-OHR77
SM-NM69H,SM-NM6BY,SM-OHR6X
SM-NM69L,SM-NM6CQ,SM-OHR93
SM-NO47H,SM-NM62V,SM-OHR8T
SM-NJBTF,SM-NM6DA,SM-OHR8K
SM-NO46U,SM-NM62L,SM-OHR8B
SM-NO46Y,SM-NM62O,SM-OHR82
SM-NB8D5,SM-NM6CU,SM-OHR7Q
SM-NR7KM,SM-NR7Y5,SM-OHR88
SM-NO4GF,SM-NM63Q,SM-OIR9S
SM-NO48S,SM-NM63K,SM-OIR9O
SM-NO4HZ,SM-NM693,SM-OIR8P
SM-NO4HE,SM-NM692,SM-OIR9E
SM-NO4GI,SM-NM68Y,SM-OIR99
SM-NO4GO,SM-NM68L,SM-OIR94
SM-NO4HB,SM-NM68X,SM-OIR8V
SM-NO4GY,SM-NM68P,SM-OIR98
SM-NO48G,SM-NM63B,SM-OIR9B
SM-NR7J7,SM-NR86S,SM-OIR9R
SM-NO48K,SM-NM63T,SM-OIR8X
SM-NR88L,SM-NO4CF,SM-OIR7X
SM-NR87M,SM-NO4C8,SM-OIR7W
SM-NR87O,SM-NO4CA,SM-OIR7H
SM-NR886,SM-NO4C4,SM-OIR9Y
SM-NR87E,SM-NO4CC,SM-OIR9D
SM-NR875,SM-NO4C3,SM-OIR97
SM-NO3YS,SM-NO4CB,SM-OIR7E
SM-NR88C,SM-NO4C1,SM-OIR9X
SM-NO3ZO,SM-NO4BF,SM-OIR86
SM-NO413,SM-NO4BS,SM-OIR7D
SM-NR87V,SM-NO4BY,SM-OIR84
SM-NO3YU,SM-NO4BM,SM-OIR7U
SM-NO3ZQ,SM-NO4BU,SM-OIR81
SM-NO411,SM-NO4BH,SM-OIR8Y
SM-NO3ZB,SM-NO4BR,SM-OIR8R
SM-NO48J,SM-NM63P,SM-OIR8U
SM-NO3ZL,SM-NO4BI,SM-OIR9N
SM-NO47Y,SM-NM633,SM-OIR87
SM-NO473,SM-NM62P,SM-OIR8G
SM-NO4N5,SM-NM69F,SM-OIR7N
SM-NO3ZU,SM-NO4BN,SM-OIR7Q
SM-NO3YQ,SM-NO4BK,SM-OIR7C
SM-NR881,SM-NO4BO,SM-OIKRD
SM-NO3ZW,SM-NO4BD,SM-OIKRE
SM-NO3YW,SM-NO4BT,SM-OIKRH
SM-NO416,SM-NO4BC,SM-OIKRI
SM-NO4H5,SM-NM69E,SM-OIKRL
SM-NO4H8,SM-NM68Q,SM-OIKRM
SM-NO4GH,SM-NM63U,SM-OIKS2
SM-NO4HI,SM-NM68U,SM-OIKRF
SM-NO4HV,SM-NM69B,SM-OIKRG
SM-NO4H2,SM-NM68Z,SM-OIKRJ
SM-NO4GT,SM-NM69C,SM-OIKRK
SM-NO4HQ,SM-NM69A,SM-OIKRN
SM-NO4HH,SM-NM691,SM-OIKRO
SM-NO4HN,SM-NM698,SM-OIKR8
SM-NO4MX,SM-NM697,SM-OIKR9
SM-NO488,SM-NM695,SM-OIKRQ
SM-NO485,SM-NM68J,SM-OIKRC
SM-NO48X,SM-NM63G,SM-OIKRB
SM-NO47O,SM-NM62S,SM-OIKRA
SM-N96R5,SM-NM6BN,SM-OIKRP
SM-NR7IQ,SM-NR86R,SM-OIKRX
SM-NR7FH,SM-NR7XT,SM-OIKRY
SM-NR7JI,SM-NR7Y9,SM-OIKRV
SM-NR7JC,SM-NR86P,SM-OIKRW
SM-NR7JK,SM-NR7YL,SM-OIKRZ
SM-NR7K5,SM-NR86Z,SM-OIKS1
SM-NR7FW,SM-NR7XU,SM-OIKRU
SM-NR7FQ,SM-NR7XS,SM-OIKRT
SM-NR7FU,SM-NR86N,SM-OIKRS
SM-NR7K9,SM-NR7YG,SM-OIKRR
SM-NR7LG,SM-NR7XR,SM-OIKS4
SM-NR7LE,SM-NR7YB,SM-OIKS5
SM-NR7J2,SM-NR86U,SM-OIKS3