pub_id,freezerworks_id
SM-MT491,SM-N8RQB
SM-MTZR4,SM-N8RQ9
SM-MT47C,SM-N8RPS
SM-MT46R,SM-N8ROZ
SM-MT47S,SM-N8RP2
SM-MT478,SM-N8ROX
SM-MT48D,SM-N8ROY
SM-MT46N,SM-N8RP1
SM-MT47G,SM-N8ROW
SM-MT47K,SM-N8ROV
SM-MT49B,SM-N8RPT
SM-MT49F,SM-N8RPO
SM-MT49P,SM-N8RPR
SM-MT49X,SM-N8RPQ
SM-MT4A4,SM-N8RPP
SM-MT49N,SM-N8RP9
SM-MT4AC,SM-N8RPA
SM-MT49V,SM-N8RPL
SM-MT4A6,SM-N8RP8
SM-MT485,SM-N8RP7
SM-MT4AK,SM-N8RP6
SM-MT4AS,SM-N8ROO
SM-MT47W,SM-N8RP5
SM-MT48L,SM-N8RP4
SM-MT46Z,SM-N8RP3
SM-MTZRO,SM-N8RQA
SM-MTZRC,SM-N8RQ1
SM-MTZRK,SM-N8RQ5
SM-MTZS9,SM-N8RQ6
SM-MTZSP,SM-N8RPW
SM-MTZSL,SM-N8RPX
SM-MT48Y,SM-N8RPU
SM-MUAK8,SM-N8RQ8
SM-MTZQR,SM-N8RQ7
SM-MT49J,SM-N8RQ3
SM-MTZSD,SM-N8RQ4
SM-MTZRS,SM-N8RQ2
SM-MTZRW,SM-N8RPZ
SM-MTZS5,SM-N8RPY
SM-MTZS1,SM-N8RQH
SM-MUAII,SM-N8RQG
SM-MUAJN,SM-N8RQC
SM-MUAJR,SM-N8RQF
SM-MUAJV,SM-N8RQD
SM-MTZR8,SM-N8RQE
SM-MUAK4,SM-N8RPN
SM-MVQPW,SM-N8RPG
SM-MUAB3,SM-N8RPD
SM-MUAIQ,SM-N8RR7
SM-MUAJ7,SM-N8RPB
SM-MTZRG,SM-N8RR6
SM-MVQR3,SM-N8RR4
SM-MUAA2,SM-N8RQN
SM-MUAA6,SM-N8RQJ
SM-MUAAE,SM-N8RQX
SM-MUAAQ,SM-N8RQW
SM-MUA9X,SM-N8RQL
SM-MUAJF,SM-N8RQI
SM-MUAIM,SM-N8RQK
SM-MUAI9,SM-N8ROT
SM-MUAI5,SM-N8RQT
SM-MUAAA,SM-N8RQO
SM-MVQQA,SM-N8RPF
SM-MVQQ6,SM-N8RPH
SM-MVQQQ,SM-N8RPC
SM-MVQQU,SM-N8RPE
SM-MVQQY,SM-N8RR8
SM-MUAAI,SM-N8RQM
SM-MVQRB,SM-N8RR2
SM-MVQRF,SM-N8RR3
SM-MVQRJ,SM-N8RR5
SM-MUA9D,SM-N8RR1
SM-MUA9T,SM-N8RQY
SM-MUA8W,SM-N8RQZ
SM-MUAIE,SM-N8RQU
SM-MUA99,SM-N8RQS
SM-MUAAM,SM-N8RQR
SM-MUAIY,SM-N8ROR
SM-MTZSH,SM-N8RQQ
SM-MT497,SM-N8RQP
SM-MUA9L,SM-N8RQV
SM-MVQJM,SM-N8ROS
SM-MVQKU,SM-N8ROK
SM-MVQLR,SM-N8ROJ
SM-MVQM8,SM-N8ROL
SM-MVQMS,SM-N8ROU
SM-MVQLB,SM-N8RON
SM-MXVJH,SM-N8ROM
SM-MVQKD,SM-N8ROQ
SM-MVQMC,SM-N8ROP
SM-MUAJJ,SM-N8RPJ
SM-MVQQE,SM-N8RPM
SM-MVQQI,SM-N8RPI
SM-MVQQ2,SM-MO3O6
SM-MVQMO,SM-MO3NX
SM-MVYDL,SM-MO3NP
SM-MVYDP,SM-MO3PM
SM-MVQIN,SM-MO3PE
SM-MVQJE,SM-MO3P6
SM-MVQJC,SM-MO3OW
SM-MVQIV,SM-MO3ON
SM-MVQM4,SM-MO3OF
SM-MVQJW,SM-MO3O7
SM-MVQK5,SM-MO3NY
SM-MVQLJ,SM-MO3NQ
SM-MVQPL,SM-MO3PN
SM-MVQPD,SM-MO3PF
SM-MVQIZ,SM-MO3P7
SM-MVQL7,SM-MO3OX
SM-MVQLV,SM-MO3OO
SM-MVQIR,SM-MO3OG
SM-MVYE6,SM-MO3O8
SM-MVYDX,SM-MO3NZ
SM-MVYEE,SM-MO3NR
SM-MVQK1,SM-MO3PO
SM-MVQLF,SM-MO3PG
SM-MVQQM,SM-MO3P8
SM-MVYD9,SM-MO3OY
SM-MVYD5,SM-MO3OP
SM-MUAAU,SM-MO3OH
SM-MVQIF,SM-MO3O9
SM-MVYE2,SM-MO3O1
SM-MVQKJ,SM-MO3NS
SM-MVQPQ,SM-MO3PP
SM-MVQKY,SM-MO3PH
SM-MVQPP,SM-MO3P9
SM-MVQLN,SM-MO3OZ
SM-MVQL3,SM-MO3OR
SM-MVQMG,SM-MO3OI
SM-MUA9P,SM-MO3OA
SM-MVYEA,SM-MO3O2
SM-MVYYD,SM-MO3NT
SM-MVYCS,SM-MO3N2
SM-MVYC8,SM-MO3N3
SM-MVYD1,SM-MO3N4
SM-MVYCO,SM-MO3N5
SM-MVQKQ,SM-MO3N6
SM-MVQJS,SM-MO3N7
SM-MVQJ8,SM-MO3N8
SM-MVYXC,SM-MO3N9
SM-MVYFW,SM-MO3NA
SM-MVYXK,SM-MO3NB
SM-MX8NW,SM-MO3NC
SM-MVYFO,SM-MO3ND
SM-MVYEX,SM-MO3NE
SM-MVYG9,SM-MO3NF
SM-MVYGH,SM-MO3NG
SM-MVYYH,SM-MO3NH
SM-MVYYL,SM-MO3NI
SM-MX8MZ,SM-MO3NJ
SM-MXVLN,SM-MO3NK
SM-MXVLJ,SM-MO3NL
SM-MX8O1,SM-MO3N1
SM-MVYXS,SM-MO3PI
SM-MVYXO,SM-MO3PA
SM-MVYCG,SM-MO3P1
SM-MVYG5,SM-MO3OS
SM-MX8LD,SM-MO3OJ
SM-MX8L1,SM-MO3OB
SM-MVYYY,SM-MO3O3
SM-MX8M2,SM-MO3NU
SM-MX8ME,SM-MO3NM
SM-MVYXG,SM-MO3PB
SM-MX8NC,SM-MO3P3
SM-MVQPH,SM-MO3OK
SM-MVYFS,SM-MO3OC
SM-MVYCC,SM-MO3NV
SM-MVYCK,SM-MO3NN
SM-MVYER,SM-MO3PC
SM-MVYXW,SM-MO3P4
SM-MVYFG,SM-MO3OL
SM-MVYZ8,SM-MO3OD
SM-MX8LT,SM-MO3NW
SM-MX8M6,SM-MO3NO
SM-MX8MR,SM-MO3PL
SM-MVYX8,SM-MO3PD
SM-MVYEV,SM-MO3P5
SM-MVYZ4,SM-MO3OM
SM-MVYEN,SM-MO3OE
SM-MVYF8,SM-N8RUL
SM-MVYDT,SM-MO3PJ
SM-MVYG1,SM-MO3OT
SM-MVYDH,SM-MO3O4
SM-MVYFK,SM-MO3PK
SM-MVYX4,SM-MO3OU
SM-MVYY9,SM-MO3O5
SM-MVYEJ,SM-MO3OV
SM-MXVMO,SM-N8RUU
SM-MX8HS,SM-N8RV4
SM-MX8ID,SM-N8RVD
SM-MX8L9,SM-N8RVM
SM-MX8L5,SM-N8RVW
SM-MX8O5,SM-N8RW7
SM-MX815,SM-N8RWG
SM-MXVKM,SM-N8RWP
SM-MY61T,SM-N8RUK
SM-MXVMS,SM-N8RUT
SM-MVYFC,SM-N8RV3
SM-MVYYT,SM-N8RVC
SM-MX8N4,SM-N8RVL
SM-MX8MJ,SM-N8RVV
SM-MX8LL,SM-N8RW6
SM-MXVLF,SM-N8RWF
SM-MXVKE,SM-N8RWO
SM-MXVLV,SM-N8RUJ
SM-MVYYP,SM-N8RUS
SM-MVQKH,SM-N8RVB
SM-MX8KS,SM-N8RVK
SM-MX8KO,SM-N8RVU
SM-MX8LH,SM-N8RWE
SM-MXVO3,SM-N8RWN
SM-MX8JR,SM-N8RU1
SM-MX8KW,SM-N8RUI
SM-MX8NO,SM-N8RUR
SM-MX8MN,SM-N8RV1
SM-MX8NK,SM-N8RVA
SM-MX8NG,SM-N8RVJ
SM-MX8MA,SM-N8RVT
SM-MXVLZ,SM-N8RWD
SM-MX8K4,SM-N8RWM
SM-MXVHA,SM-N8RUH
SM-MXVMC,SM-N8RUQ
SM-MY62I,SM-N8RUZ
SM-MXVHI,SM-N8RV9
SM-MY62Y,SM-N8RVS
SM-MX8LX,SM-N8RW3
SM-MX8NS,SM-N8RV2
SM-MX8JA,SM-N8RW5
SM-MX8KC,SM-N8RW4
SM-MY5ZZ,SM-N8RVI
SM-MX8HO,SM-N8RWC
SM-MX8MV,SM-N8RWL
SM-MX8IP,SM-N8RUG
SM-MX8JZ,SM-N8RUP
SM-MX8KG,SM-N8RUY
SM-MVYGL,SM-N8RV8
SM-MX8LP,SM-N8RVH
SM-MX8IT,SM-N8RVQ
SM-MX8I9,SM-N8RW1
SM-MXVNM,SM-N8RWB
SM-MX8JN,SM-N8RWK
SM-MX8HG,SM-N8RUF
SM-MXVNY,SM-N8RUO
SM-MXVIJ,SM-N8RV7
SM-MXVHQ,SM-N8RUX
SM-MXVKQ,SM-N8RVG
SM-MXVL3,SM-N8RVP
SM-MXVHM,SM-N8RVZ
SM-MX8JI,SM-N8RWA
SM-MX8JV,SM-N8RWJ
SM-MX8J2,SM-N8RUE
SM-MX8KK,SM-N8RUN
SM-MX8J6,SM-N8RUW
SM-MY5XW,SM-N8RV6
SM-MY5Y1,SM-N8RVF
SM-MY5Y6,SM-N8RVO
SM-MYYD3,SM-N8RVY
SM-MYYDV,SM-N8RW9
SM-MYYEH,SM-N8RWI
SM-MYYFM,SM-N8RUD
SM-MY5YQ,SM-N8RUM
SM-MY5ZN,SM-N8RUV
SM-MY5ZF,SM-N8RV5
SM-MXVN1,SM-N8RVE
SM-MXVN9,SM-N8RVN
SM-MXVJ8,SM-N8RVX
SM-MXVI7,SM-N8RW8
SM-MXVK2,SM-N8RWH
SM-MXVKA,SM-N8RU6
SM-MY5YM,SM-N8RU8
SM-MY62U,SM-N8RUC
SM-MY61H,SM-N8RUB
SM-MXVIN,SM-N8RU7
SM-MY618,SM-N8RUA
SM-MY5XK,SM-N8RU9
SM-MXVL7,SM-N8RU5
SM-MXVNE,SM-N8RU4
SM-MY5WV,SM-N8RU3
SM-MXVLB,SM-N8RU2
SM-MY5XC,SM-MO3YU
SM-MY614,SM-MO3YP
SM-MY5YU,SM-MO3Z3
SM-MY62J,SM-MO3YE
SM-MY61X,SM-MO3YV
SM-MXVIZ,SM-MO3Z2
SM-MY61L,SM-MO3ZC
SM-MXVHE,SM-MO3YH
SM-MY637,SM-MO3Y7
SM-MY63N,SM-MO3YD
SM-MXVI3,SM-MO3YG
SM-MXVHY,SM-MO3Z8
SM-MXVIR,SM-MO3Z5
SM-MXVIB,SM-MO3Y6
SM-MY63J,SM-MO3YC
SM-MY62Q,SM-MO3YY
SM-MY61P,SM-MO3YQ
SM-MY62E,SM-MO3YB
SM-MXVIF,SM-MO3YF
SM-MXVJT,SM-MO3ZA
SM-MXVNQ,SM-MO3ZB
SM-MXVN5,SM-MO3YS
SM-MXVJ4,SM-MO3YI
SM-MXVJX,SM-MO3Y8
SM-MXVNU,SM-MO3Y4
SM-MX8K8,SM-MO3Y3
SM-MX8IH,SM-MO3Y2
SM-MX8JE,SM-MO3Y1
SM-MXVNI,SM-MO3XZ
SM-MX8I1,SM-MO3ZI
SM-MX8IL,SM-MO3Y5
SM-MXVJC,SM-MO3Z6
SM-MXVJG,SM-MO3YR
SM-MXVMG,SM-MO3Y9
SM-MY622,SM-MO3ZH
SM-MY5ZJ,SM-MO3Z4
SM-MY5Z3,SM-MO3ZE
SM-MY5MX,SM-MO3ZW
SM-MY5MP,SM-MO416
SM-MYYGB,SM-MO414
SM-MY633,SM-MO3YM
SM-MXVJL,SM-MO3ZF
SM-MY5ON,SM-MO3ZK
SM-MY5OR,SM-MO3ZJ
SM-MY5WZ,SM-MO3YK
SM-MY5WN,SM-MO3Z7
SM-MY5WB,SM-MO3YL
SM-MY5X8,SM-MO3ZL
SM-MY5XG,SM-MO3YW
SM-MY5YD,SM-MO3YJ
SM-MY5YY,SM-MO3YN
SM-MY5ZB,SM-MO3ZD
SM-MXVHU,SM-MO3YT
SM-MY5O7,SM-MO3ZM
SM-MY5OF,SM-MO3ZO
SM-MY5WJ,SM-MO3ZN
SM-MYYCI,SM-MO41F
SM-MYYIT,SM-MO41M
SM-MY5NM,SM-MO41C
SM-MYYCM,SM-MO41D
SM-MXVLR,SM-MO41O
SM-MYYEX,SM-MO415
SM-MY5Z7,SM-MO417
SM-MY5MT,SM-MO3ZX
SM-MYYFO,SM-MO3ZV
SM-MY5NA,SM-MO3ZU
SM-MY63F,SM-MO3ZQ
SM-MY62A,SM-MO3ZR
SM-MY5WR,SM-MO3ZS
SM-MY5O3,SM-MO3ZP
SM-MX8HK,SM-MO3ZY
SM-MYYEL,SM-MO41J
SM-MYYFI,SM-MO41I
SM-MY5W7,SM-MO3Z1
SM-MY5WF,SM-MO3YO
SM-MY5XO,SM-MO3YZ
SM-MY5VY,SM-MO3YA
SM-MYYCY,SM-MO41E
SM-MYYGF,SM-MO418
SM-MYYD7,SM-MO41N
SM-MYYI5,SM-MO41L
SM-MYYE4,SM-MO41B
SM-MY5VU,SM-MO3ZG
SM-MY5XS,SM-MO3ZT
SM-MYYDB,SM-MO41G
SM-MYYDR,SM-MO41A
SM-MYYI1,SM-MO41K
SM-MY5W3,SM-MO41H
SM-MYYET,SM-MO419
SM-MYYF2,SM-MO3YX
SM-MY5ZV,SM-MO412
SM-MY5NE,SM-MO411
SM-MYYFE,SM-MO3ZZ
SM-MYYFU,SM-MWQ8B
SM-MYYFY,SM-MWQ8L
SM-MYYG7,SM-N1N2P
SM-MYYG3,SM-MWQ8P
SM-MY5NI,SM-MWQ8D
SM-MY5NY,SM-MWQ8M
SM-MY5YI,SM-MWQ8R
SM-MY5OJ,SM-MWQ8I
SM-MXVK6,SM-MWQ8G
SM-MY5YB,SM-N1N2M
SM-MYYCQ,SM-N1N2S
SM-MYYCQ,SM-M1DHE
SM-MYYC2,SM-MWQ8H
SM-MYYHW,SM-MWQ8F
SM-MYYHW,SM-M1DHG
SM-N2EBW,SM-MWQ88
SM-MYYGJ,SM-N1N2T
SM-MYYGJ,SM-M1DHB
SM-N2ECT,SM-MWQ8J
SM-N2EBO,SM-MWQ82
SM-N2EC1,SM-MWQ85
SM-MYYDN,SM-N1N2Q
SM-MYYDN,SM-M1DH9
SM-N2EC5,SM-MWQ8K
SM-MYYE8,SM-MWQ8C
SM-MYYE8,SM-M1DHF
SM-MYYC6,SM-MWQ87
SM-MYYDF,SM-MWQ84
SM-MYYDF,SM-M1DHD
SM-MYYEP,SM-MWQ8S
SM-MYYEP,SM-M1DHT
SM-MYYI9,SM-MWQ8U
SM-MYYIL,SM-MWQ8E
SM-MYYF6,SM-MWQ8N
SM-MYYFA,SM-MWQ8Q
SM-MYYIH,SM-MWQ8O
SM-MYYIH,SM-M1DHH
SM-MYYDJ,SM-MWQ8T
SM-MYYDZ,SM-MWQ8A
SM-MYYID,SM-MWQ8V
SM-MYYID,SM-M1DHR
SM-N2ECH,SM-N1N2N
SM-N3I2S,SM-NCT6U
SM-N3I4Y,SM-NCT79
SM-N3I39,SM-NCT7O
SM-N3I3D,SM-NCT74
SM-N3I3H,SM-NCT78
SM-N2EBK,SM-NCT7K
SM-N2EDF,SM-NCT82
SM-N2EDZ,SM-NCT7V
SM-N2EE4,SM-NCT7R
SM-MY5NU,SM-NCT7P
SM-N2EEC,SM-NCT66
SM-MY5N6,SM-NCT6A
SM-N2EDJ,SM-NCT83
SM-N2EC9,SM-NCT6J
SM-N2EA2,SM-NCT7Y
SM-N2EA3,SM-NCT8C
SM-N2E8K,SM-NCT5X
SM-N2E9L,SM-NCT86
SM-N2EE8,SM-NCT6I
SM-N2EB4,SM-NCT7B
SM-N2EF9,SM-NCT61
SM-N2EF1,SM-NCT84
SM-N2EAZ,SM-NCT7U
SM-MXVKY,SM-NCT63
SM-N2EEG,SM-NCT6W
SM-N2EAV,SM-NCT6N
SM-N2EBG,SM-NCT89
SM-N2EDB,SM-NCT8G
SM-N2EEK,SM-NCT6D
SM-N2EB8,SM-NCT6B
SM-N2EEO,SM-NCT62
SM-N2EES,SM-NCT6G
SM-N2EDV,SM-NCT81
SM-N2EEW,SM-NCT6H
SM-N2EF5,SM-NCT7T
SM-N2E9X,SM-NCT6P
SM-N2ED2,SM-NCT7C
SM-N2EDL,SM-NCT7N
SM-N2E87,SM-NCT5U
SM-N2E76,SM-NCT68
SM-N2E72,SM-NCT69
SM-N2E8B,SM-NCT65
SM-N2ED7,SM-NCT7Q
SM-N2EAP,SM-NCT64
SM-N3I5N,SM-NCT87
SM-N3I5J,SM-NCT6X
SM-N3I5B,SM-NCT7W
SM-N3I57,SM-NCT8D
SM-N2ECD,SM-NCT6E
SM-N3HZE,SM-NCT71
SM-N2E7A,SM-NCT6K
SM-N2E7E,SM-NCT6C
SM-N2E83,SM-NCT5W
SM-N2E7Y,SM-NCT7E
SM-N2EDR,SM-NCT7S
SM-N2E7U,SM-NCT85
SM-MY5NQ,SM-NCT8H
SM-N3I1Z,SM-NCT76
SM-N3HYL,SM-NCT75
SM-N3HYT,SM-NCT73
SM-N2E8S,SM-NCT7I
SM-N3HY8,SM-NCT6T
SM-N3I53,SM-NCT6Y
SM-N3I5S,SM-NCT6Q
SM-N3HZQ,SM-NCT7D
SM-N3I5F,SM-NCT6S
SM-N3I4A,SM-NCT8F
SM-N3I61,SM-NCT5Z
SM-N3I4I,SM-NCT7X
SM-N3I4Q,SM-NCT5Y
SM-N3I65,SM-NCT6M
SM-N2E65,SM-NCT8B
SM-N2EAM,SM-NCT6F
SM-N2EA7,SM-NCT7L
SM-N2EAB,SM-NCT7Z
SM-N2E69,SM-NCT5V
SM-N3I17,SM-NCT6Z
SM-N3I69,SM-NCT6O
SM-N2E91,SM-NCT6R
SM-N2E7I,SM-NCT6L
SM-N2E6X,SM-NCT67
SM-N2E6L,SM-NCT7G
SM-N3I5W,SM-NCT8E
SM-N2E8W,SM-NCT7M
SM-N3I4U,SM-NCT7H
SM-N3I2K,SM-NCT72
SM-N2E6H,SM-NCT8J
SM-N2E8G,SM-NCT8I
SM-MYYCU,SM-NCT88
SM-N2E8O,SM-NCT8A
SM-N2E9H,SM-NCT7J
SM-N2E9T,SM-NCT7A
SM-N2E95,SM-NCT7F
SM-N3I6D,SM-NACM7
SM-N3HMR,SM-NACNE
SM-N3HKT,SM-NACMP
SM-N3HKP,SM-NACO8
SM-N3HMB,SM-NACO7
SM-N3I3L,SM-NACOG
SM-N3HXJ,SM-NACM1
SM-N3HLM,SM-NACO3
SM-N3HM3,SM-NACNY
SM-N3I42,SM-NACMH
SM-N3HY3,SM-NACMI
SM-N3HYC,SM-NACN6
SM-N3HYH,SM-NACNA
SM-N3I1B,SM-NACNB
SM-N3I1N,SM-NACN4
SM-N3HZU,SM-NACOA
SM-N3HLI,SM-NACN3
SM-N3HWQ,SM-NACNG
SM-N3I3T,SM-NACO9
SM-N3I3X,SM-NACN5
SM-N3HWM,SM-NACMY
SM-N3HM7,SM-NACN1
SM-N3HW5,SM-NACMR
SM-N2E6P,SM-NACM6
SM-N2E9M,SM-NACM5
SM-N2E9D,SM-NACM3
SM-N2E99,SM-NACM4
SM-N3HLY,SM-NACMW
SM-N3I3P,SM-NACOB
SM-N3I31,SM-NACOC
SM-N3I46,SM-NACO2
SM-N3HZL,SM-NACMT
SM-N3I2C,SM-NACN7
SM-N3I1F,SM-NACMG
SM-N3I4E,SM-NACNI
SM-N3HZY,SM-NACMJ
SM-N3HLE,SM-NACMZ
SM-N3HLA,SM-NACNL
SM-N3HL2,SM-NACNW
SM-N54PH,SM-NACNS
SM-N3I1J,SM-NACN8
SM-N3HZ9,SM-NACMS
SM-N3HKX,SM-NACNK
SM-N3HMF,SM-NACNR
SM-N54QJ,SM-NACO4
SM-N3HW9,SM-NACMO
SM-N54QR,SM-NACMM
SM-N3HKL,SM-NACMV
SM-N54Q7,SM-NACN2
SM-N54MS,SM-NACOK
SM-N54N9,SM-NACOI
SM-N54P4,SM-NACOF
SM-N54PJ,SM-NACOJ
SM-N54PY,SM-NACLY
SM-N3HYP,SM-NACLZ
SM-N3HLU,SM-NACNX
SM-N3I2G,SM-NACMN
SM-N54SI,SM-NACON
SM-N54SQ,SM-NACM2
SM-N54SU,SM-NACOL
SM-N54OE,SM-NACOM
SM-N6599,SM-NACMC
SM-N659D,SM-NACME
SM-N659J,SM-NACMB
SM-N659L,SM-NACM9
SM-N659N,SM-NACMA
SM-N653I,SM-NACM8
SM-N659V,SM-NACMF
SM-N653A,SM-NACMD
SM-N653Y,SM-NCFB5
SM-N653K,SM-NCFB6
SM-N6534,SM-NCFB7
SM-N54XG,SM-NCFB8
SM-N54ML,SM-NCFB9
SM-N653O,SM-NCFBA
SM-N6538,SM-NCFBB
SM-N653E,SM-NCFBC
SM-N653C,SM-NCFBD
SM-N653S,SM-NCFBE
SM-N6547,SM-NCFBF
SM-N6555,SM-NCFBG
SM-N54W9,SM-NCFBH
SM-N54WD,SM-NCFBI
SM-N54WZ,SM-NCFBJ
SM-N653G,SM-NCFBK
SM-N653M,SM-NCFBL
SM-N653Q,SM-NCFBM
SM-N654C,SM-NCFBN
SM-N654W,SM-NCFBO
SM-N54XK,SM-NCFBP
SM-N54T7,SM-NCFBQ
SM-N54W5,SM-NCFBR
SM-N6549,SM-NCFBS
SM-N654D,SM-NCFBT
SM-N54Y1,SM-NCFBU
SM-N54UX,SM-NCFBV
SM-N54SE,SM-NCFBW
SM-N54WO,SM-NCFBX
SM-N54XO,SM-NCFBY
SM-N54NH,SM-NCFBZ
SM-N54UH,SM-NCFC1
SM-N54UD,SM-NCFC2
SM-N6551,SM-NCFC3
SM-N54U1,SM-NCFC4
SM-N3I1V,SM-NCFC5
SM-N54TS,SM-NCFC6
SM-N54V2,SM-NCFC7
SM-N54TJ,SM-NCFC8
SM-N54XC,SM-NCFC9
SM-N54RX,SM-NCFCB
SM-N54XS,SM-NCFCC
SM-N54RE,SM-NCFCD
SM-N54WL,SM-NCFCE
SM-N54RM,SM-NCFCF
SM-N54X4,SM-NCFCG
SM-N54TO,SM-NCFCH
SM-N54X8,SM-NCFCI
SM-N54VA,SM-NCFCJ
SM-N54TI,SM-NCFCK
SM-N54S2,SM-NCFCL
SM-N54TB,SM-NCFCM
SM-N54V6,SM-NCFCN
SM-N54R4,SM-NCFCO
SM-N54T2,SM-NCFCP
SM-N54OO,SM-NCFCQ
SM-N54TW,SM-NCFCR
SM-N54U5,SM-NCFCS
SM-N54UL,SM-NCFCT
SM-N54UP,SM-NCFCU
SM-N54UT,SM-NCFCV
SM-N54VM,SM-NCFCW
SM-N54S6,SM-NCFCX
SM-N3HZ2,SM-NCFCY
SM-N54SA,SM-NCFCZ
SM-N54VQ,SM-NCFD1
SM-N54U9,SM-NCFD2
SM-N54VI,SM-NCFD3
SM-N54SP,SM-NCFD4
SM-N54PR,SM-NCFD5
SM-N54RT,SM-NCFD6
SM-N54NQ,SM-NCFD7
SM-N8813,SM-NCFD8
SM-N87ZJ,SM-NCFD9
SM-N87ZF,SM-NCFDA
SM-N87SA,SM-NCFDB
SM-N8811,SM-NCFDC
SM-N87ZU,SM-NCFDD
SM-N8815,SM-NCFDE
SM-N87ZW,SM-NCFDG
SM-N87ZA,SM-NCFDH
SM-N6541,SM-NCFDI
SM-N654K,SM-NCFDJ
SM-N87ZS,SM-NCFDK
SM-N87Z1,SM-NCFDL
SM-N87YV,SM-NCFDM
SM-N87ZP,SM-NCFDN
SM-N87Z8,SM-NCFDO
SM-N87ZK,SM-NCFDP
SM-N87ZO,SM-NCFDQ
SM-N87ZI,SM-NCFDR
SM-N87Z3,SM-NCFDS
SM-N87YZ,SM-NCFDT
SM-N881B,SM-NCWQ3
SM-N87ZY,SM-NCWPV
SM-N881D,SM-NCWPO
SM-N87ZD,SM-NCWQL
SM-N87Z9,SM-NCWPR
SM-N87ZE,SM-NCWPU
SM-N2EBC,SM-NCWPQ
SM-N87ST,SM-NCWPP
SM-N87ZN,SM-NCWPX
SM-N659H,SM-NCWQ7
SM-N87SB,SM-NCWPZ
SM-N657M,SM-NCWQM
SM-N87ZQ,SM-NCWQA
SM-N8817,SM-NCWPY
SM-N8818,SM-NCWPS
SM-N87ZX,SM-NCWPT
SM-N87SU,SM-NCWQN
SM-N658V,SM-NCWQQ
SM-N6593,SM-NCWQH
SM-N87ZV,SM-NCWQE
SM-N87S8,SM-NCWQ5
SM-N87S9,SM-NCWQD
SM-N657Q,SM-NCWQ2
SM-N657R,SM-NCWQ8
SM-N658R,SM-NCWQG
SM-N658P,SM-NCWQJ
SM-N659F,SM-NCWQO
SM-N87SR,SM-NCWQP
SM-N87T9,SM-NCWQI
SM-N658W,SM-NCWQK
SM-N6591,SM-NCWQ1
SM-N659P,SM-NCWQC
SM-N87T5,SM-NCWQB
SM-N657Z,SM-NCWQ9
SM-N6597,SM-NCWPF
SM-N658T,SM-NCWPG
SM-N658Y,SM-NCWQ6
SM-N881A,SM-NCWPH
SM-N87YX,SM-NCWPI
SM-N87YT,SM-NCWPJ
SM-N87ZM,SM-NCWPK
SM-N87ZT,SM-NCWPL
SM-N87YW,SM-NCWPM
SM-N87ZC,SM-NCWPW
SM-N87Z5,SM-NCWPN
SM-N3HL6,SM-NACNJ
SM-N3HWD,SM-NACO1
SM-N3HYX,SM-NACML
SM-N3HX3,SM-NACNU
SM-N3I28,SM-NACMU
SM-N3I13,SM-NACNV
SM-N54N2,SM-NACOH
SM-N54NX,SM-NACO6
SM-N3HWH,SM-NACNF
SM-N3HMN,SM-NACMX
SM-N3HX7,SM-NACOE
SM-N3HXF,SM-NACNZ
SM-N3HWU,SM-NACNT
SM-N3HXN,SM-NACN9
SM-N3I24,SM-NACNO
SM-N54OV,SM-NACND
SM-N3HXR,SM-NACOD
SM-N3HZP,SM-NACNM
SM-N3HMJ,SM-NACO5
SM-MVQMW,SM-NACMK
SM-N3I35,SM-NACMQ
SM-N3HLQ,SM-NACNQ
SM-N3HY4,SM-NACNP
SM-N3HWY,SM-NACNH
SM-N9ZUE,SM-NMUDZ
SM-NA1CV,SM-NMUE4
SM-NA1E4,SM-NMUDW
SM-NA1EB,SM-NMUE1
SM-NA1CX,SM-NMUE3
SM-NA1D1,SM-NMUE5
SM-NA1CW,SM-NMUE2
SM-NA1EE,SM-NMUDY
SM-NA1D8,SM-NMUE7
SM-NA1D9,SM-NMUE6
SM-NA1DX,SM-NMUE9
SM-NA1DU,SM-NMUE8
SM-NA1DG,SM-NMUEA
SM-NA1D2,SM-NMUEL
SM-NA1EJ,SM-NMUEJ
SM-NA1DA,SM-NMUEN
SM-N872G,SM-NMUEK
SM-NA1D4,SM-NMUEF
SM-NA1D5,SM-NMUEH
SM-N9ZUW,SM-NMUED
SM-N9ZUF,SM-NMUEG
SM-N9ZUG,SM-NMUEB
SM-NA1ED,SM-NMUEC
SM-NA1E2,SM-NMUEE
SM-N87KQ,SM-NMUEM
SM-NA1D6,SM-NMUER
SM-NA1DK,SM-NMUEQ
SM-NA1E6,SM-NMUET
SM-NA1DE,SM-NMUES
SM-N871O,SM-NMUEO
SM-NA1E7,SM-NMUEU
SM-NA1DJ,SM-NMUEV
SM-NA1EA,SM-NMUF2
SM-NA1EC,SM-NMUF7
SM-NA1E9,SM-NMUF5
SM-NA1DW,SM-NMUEX
SM-NA1E1,SM-NMUEW
SM-NA1E3,SM-NMUF1
SM-N872K,SM-NMUEZ
SM-N87KR,SM-NMUF6
SM-NA1DH,SM-NMUCK
SM-NA1DI,SM-NMUF3
SM-NA1DM,SM-NMUCJ
SM-N871R,SM-NMUCR
SM-NA1DC,SM-NMUEY
SM-N8769,SM-NMUF4
SM-N8722,SM-NMUCO
SM-NA1DR,SM-NMUCS
SM-NA1DP,SM-NMUCU
SM-NA1DD,SM-NMUCW
SM-NA1DN,SM-NMUCX
SM-NA1DT,SM-NMUCY
SM-N8726,SM-NMUCM
SM-N872P,SM-NMUCN
SM-N871Z,SM-NMUDU
SM-NA1DF,SM-NMUCL
SM-N876A,SM-NMUCP
SM-NA1DY,SM-NMUCQ
SM-N87K8,SM-NMUCT
SM-N8724,SM-NMUCV
SM-N872E,SM-NMUD2
SM-N871V,SM-NMUD3
SM-N871T,SM-NMUD1
SM-N872O,SM-NMUCZ
SM-N872V,SM-NMUD4
SM-N8723,SM-NMUD5
SM-N8721,SM-NMUDC
SM-N872D,SM-NMUDB
SM-N871Q,SM-NMUDA
SM-N872M,SM-NMUDO
SM-N871P,SM-NMUD6
SM-N872L,SM-NMUDG
SM-N87KB,SM-NMUDE
SM-N87KC,SM-NMUDF
SM-N87K7,SM-NMUDD
SM-N8768,SM-NMUDN
SM-N872I,SM-NMUDM
SM-N872C,SM-NMUDL
SM-N8728,SM-NMUDJ
SM-N8725,SM-NMUDH
SM-N872N,SM-NMUDI
SM-N87KL,SM-NMUD7
SM-N8727,SM-NMUD8
SM-N871W,SM-NMUD9
SM-N87KP,SM-NMUDQ
SM-N871Y,SM-NMUDP
SM-N872H,SM-NMUDR
SM-N872J,SM-NMUDS
SM-N872A,SM-NMUDT
SM-N872B,SM-NLLSW
SM-N87KN,SM-NLLSV
SM-N87KH,SM-NLLSU
SM-N872F,SM-NLLST
SM-N87KO,SM-NLLSS
SM-N87KJ,SM-NLLSR
SM-N87YR,SM-NLLSQ
SM-N872W,SM-NLLSP
SM-N871X,SM-NLLSO
SM-N87KV,SM-NLLSN
SM-N87KD,SM-NLLSM
SM-N87KE,SM-NLLSL
SM-N87KM,SM-NLLSJ
SM-N8819,SM-NLLSI
SM-N87Z7,SM-NLLSH
SM-N881C,SM-NLLSG
SM-N87Z4,SM-NLLSF
SM-N87KK,SM-NLLSE
SM-N87YQ,SM-NLLSA
SM-N87YY,SM-NLLS8
SM-N6536,SM-NLLSC
SM-N872S,SM-NLLSB
SM-N87ZH,SM-NLLSD
SM-N872U,SM-NLLS7
SM-N87ZB,SM-NLLS6
SM-N87YP,SM-NLLS1
SM-N87Z2,SM-NLLRZ
SM-N872T,SM-NLLRY
SM-N87ZR,SM-NLLS5
SM-N872R,SM-NLLS4
SM-N87ZG,SM-NLLS3
SM-N872Q,SM-NLLS2
SM-N87ZL,SM-NLLRX
SM-N8814,SM-NLLRW
SM-N87YU,SM-NLLRV
SM-NA1CQ,SM-NMUEI
SM-NA1BM,SM-NMUEP
SM-NA1BM,SM-NMUDX
SM-N9ZMP,SM-NMUF8
SM-N8747,SM-NLLRU
SM-N65LK,SM-NLLRT
SM-NA1BW,SM-NLLRS
SM-NA1BU,SM-NLLRP
SM-NA1BA,SM-NLLRR
SM-NA1C2,SM-NLLRH
SM-NA1B6,SM-NLLRG
SM-N8746,SM-NLLRF
SM-NA1C7,SM-NLLRE
SM-N65RI,SM-NLLRD
SM-N65LJ,SM-NLLRC
SM-NA1AY,SM-NLLRB
SM-NA1AW,SM-NLLRA
SM-NA1CZ,SM-NLLR9
SM-N65RG,SM-NLLR8
SM-N8743,SM-NLLTH
SM-NA1C4,SM-NLLQX
SM-N65RH,SM-NLLR7
SM-N65OS,SM-NLLR6
SM-NA1B5,SM-NLLR5
SM-NA1B3,SM-NLLR4
SM-NA1BH,SM-NLLR3
SM-NA1AV,SM-NLLR2
SM-N8745,SM-NLLR1
SM-NA1C5,SM-NLLQZ
SM-NA1AU,SM-NLLQY
SM-NA1C6,SM-NLLTG
SM-NA1C9,SM-NLLTK
SM-NA1D3,SM-NLLTJ
SM-NA1CY,SM-NLLTI
SM-NA1C1,SM-NLLQV
SM-N9ZMR,SM-NLLT6
SM-NA1BG,SM-NLLT7
SM-N65OR,SM-NLLT5
SM-NA1CP,SM-NLLT4
SM-N9ZMQ,SM-NLLT3
SM-NA1BL,SM-NLLT2
SM-N65OQ,SM-NLLT1
SM-N9ZMS,SM-NLLSZ
SM-NA1BK,SM-NLLSX
SM-NA1BP,SM-NLLSY
SM-NA1CM,SM-NMUIA
SM-N87KG,SM-NMUI9
SM-NA1EH,SM-NMUI8
SM-NA1CN,SM-NMUIB
SM-NA1CS,SM-NMUI7
SM-NA1CR,SM-NMUI6
SM-NA1DQ,SM-NMUI5
SM-NA1DV,SM-NMUI4
SM-NA1CU,SM-NMUI3
SM-NA1EI,SM-NMUI2
SM-N871U,SM-NMUJH
SM-NA1B8,SM-NLLRQ
SM-N9ZMT,SM-NLLRO
SM-NA1BD,SM-NLLRN
SM-NA1BB,SM-NLLRM
SM-N873Z,SM-NLLRL
SM-NA1B1,SM-NLLRK
SM-NA1BO,SM-NLLRJ
SM-NA1BT,SM-NLLRI
SM-NA1DS,SM-NLLQW
SM-NA1B4,SM-NLLTF
SM-NA1B2,SM-NLLTE
SM-N9ZMU,SM-NLLTD
SM-NA1AX,SM-NLLTC
SM-N9ZMV,SM-NLLTB
SM-N65OP,SM-NLLTA
SM-NA1CT,SM-NLLT9
SM-NA1D7,SM-NLLT8
SM-NDJZ3,SM-NN1FW
SM-NDJZ2,SM-NN1G3
SM-NDJZ5,SM-NN1G9
SM-NDJYZ,SM-NN1E7
SM-NDJZ4,SM-NN1E6
SM-N65SY,SM-NMUJ5
SM-N65T4,SM-NMUJA
SM-N65T6,SM-NMUJB
SM-NDJXP,SM-NMUIC
SM-NDJY9,SM-NMUIJ
SM-NDJY6,SM-NMUII
SM-NDJY2,SM-NMUIK
SM-NDJXZ,SM-NMUIL
SM-NDJYK,SM-NMUID
SM-NDJXW,SM-NMUIF
SM-NDJXR,SM-NMUIE
SM-N65SH,SM-NMUIG
SM-N65SX,SM-NMUIH
SM-NDJYT,SM-NMUIM
SM-NDJYR,SM-NMUIO
SM-NDJYO,SM-NMUIN
SM-NB8W5,SM-NMUI1
SM-NA1BR,SM-NMUIP
SM-NB8VZ,SM-NMUIR
SM-NDJYQ,SM-NMUIT
SM-NDJXV,SM-NMUIU
SM-NB8XB,SM-NMUJ1
SM-NDJXT,SM-NMUIV
SM-N65SJ,SM-NMUIW
SM-N65SI,SM-NMUIX
SM-N65T8,SM-NMUIY
SM-N65T7,SM-NMUIZ
SM-N65T9,SM-NMUJ4
SM-N65T3,SM-NMUJ3
SM-NA1AZ,SM-NMUJ6
SM-N65T5,SM-NMUJD
SM-NB8W6,SM-NMUJ8
SM-N65SQ,SM-NMUJ7
SM-N65TA,SM-NMUJ9
SM-NB8X9,SM-NMUJE
SM-NB8WV,SM-NMUKH
SM-NB8WZ,SM-NMUKI
SM-N65T1,SM-NMUKF
SM-NB8WQ,SM-NMUKG
SM-NB8XA,SM-NMUKE
SM-NB8WT,SM-NMUK5
SM-NA1DO,SM-NMUK4
SM-NB8WX,SM-NMUK3
SM-NB8W4,SM-NMUK2
SM-NB8VY,SM-NMUK1
SM-NB8WA,SM-NMUJZ
SM-NA1CC,SM-NMUJY
SM-NB8VX,SM-NMUJW
SM-NB8X6,SM-NMUJV
SM-NB8WI,SM-NMUJU
SM-NA1BC,SM-NMUJT
SM-NA1B9,SM-NMUJS
SM-NB8WU,SM-NMUJX
SM-NB8X7,SM-NMUJR
SM-NB8X5,SM-NMUJQ
SM-NB8X4,SM-NMUJP
SM-NA1BZ,SM-NMUJN
SM-NA1BV,SM-NMUJM
SM-NA1EF,SM-NMUJL
SM-NA1B7,SM-NMUJK
SM-N8741,SM-NMUJJ
SM-NB8WF,SM-NMUJI
SM-NB8WE,SM-NMUIS
SM-NB8WB,SM-NN1FC
SM-NB8W9,SM-NN1F4
SM-NA1BS,SM-NN1F3
SM-NA1CB,SM-NMUKK
SM-NB8WJ,SM-NMUKL
SM-NB8WL,SM-NMUKM
SM-NA1BY,SM-NMUKN
SM-NB8W2,SM-NMUKO
SM-NB8WN,SM-NMUKP
SM-N65ST,SM-NMUJG
SM-NA1BQ,SM-NMUJF
SM-NB8X2,SM-NMUJC
SM-NB8W8,SM-NMUJ2
SM-NA1BN,SM-NMUKD
SM-NB8WK,SM-NMUKC
SM-NB8WS,SM-NMUKB
SM-NB8WP,SM-NMUKA
SM-NB8X1,SM-NMUK9
SM-NB8WY,SM-NMUK8
SM-NB8WW,SM-NMUK7
SM-NB8W3,SM-NMUKJ
SM-NB8W1,SM-NMUK6
SM-NDJ58,SM-NN1FZ
SM-NDJ4Y,SM-NN1FI
SM-NDJV1,SM-NN1FT
SM-NDJ4X,SM-NN1G6
SM-NDJ56,SM-NN1GC
SM-NDJYE,SM-NN1DW
SM-NDJ4E,SM-NN1E2
SM-NDJZA,SM-NN1F5
SM-NDJUS,SM-NN1FH
SM-NDJ4N,SM-NN1FS
SM-NDJ4K,SM-NN1FN
SM-NDJ4D,SM-NN1FY
SM-NDJ59,SM-NN1G5
SM-NDJ55,SM-NN1GB
SM-NDJ4Z,SM-NN1DO
SM-NDJXJ,SM-NN1F6
SM-NDJ5B,SM-NN1E4
SM-NDJ4F,SM-NN1FM
SM-NDJ4J,SM-NN1FL
SM-NDJXS,SM-NN1FQ
SM-NDJZC,SM-NN1FG
SM-NDJZ6,SM-NN1FR
SM-NDJXA,SM-NN1FX
SM-NDJZB,SM-NN1G4
SM-NDJZ7,SM-NN1GA
SM-NDJYI,SM-NN1E3
SM-NDJ4M,SM-NN1DZ
SM-NDJ4I,SM-NN1F7
SM-NDJ4H,SM-NN1FD
SM-NDJXL,SM-NN1F8
SM-NDJZ8,SM-NN1FF
SM-NDJZ1,SM-NN1FK
SM-NDJYU,SM-NN1FP
SM-NDJXN,SM-NN1FV
SM-NDJXI,SM-NN1G2
SM-NDJXH,SM-NN1G8
SM-NDJXG,SM-NN1DX
SM-NDJYC,SM-NN1E1
SM-NDJYY,SM-NN1EW
SM-NDJXO,SM-NN1EV
SM-NDJX8,SM-NN1F9
SM-NDJXD,SM-NN1EX
SM-NDJXB,SM-NN1FB
SM-NDJX7,SM-NN1EZ
SM-NDJX5,SM-NN1EY
SM-NDJY8,SM-NN1F2
SM-N65SP,SM-NN1FA
SM-NDJYW,SM-NN1EU
SM-NDJY5,SM-NN1ET
SM-NDJYJ,SM-NN1ES
SM-NDJYF,SM-NN1ER
SM-NDJX9,SM-NN1EQ
SM-NDJXE,SM-NN1EO
SM-NDJXK,SM-NN1EM
SM-NB8X3,SM-NN1DP
SM-N65T2,SM-NN1DQ
SM-N65SW,SM-NN1DR
SM-NB8W7,SM-NN1DS
SM-NB8WO,SM-NN1DT
SM-N65SM,SM-NN1DU
SM-N65SN,SM-NN1DV
SM-N65SG,SM-NN1E9
SM-N65SK,SM-NN1EB
SM-NDJXF,SM-NN1EN
SM-N652Z,SM-NN1EL
SM-NDJX6,SM-NN1EK
SM-NDJY3,SM-NN1EJ
SM-NB8WD,SM-NN1EC
SM-NDJYS,SM-NN1EI
SM-NDJYB,SM-NN1EA
SM-NDJY4,SM-NN1E8
SM-NDJYL,SM-NN1EH
SM-NDJXQ,SM-NN1EG
SM-NDJYG,SM-NN1EF
SM-NDJY7,SM-NN1EE
SM-NDJYP,SM-NN1ED
SM-NDJV6,SM-NLWPV
SM-NDJUW,SM-NLWQ5
SM-NG2JD,SM-NLL5S
SM-NG2J8,SM-NLWQ8
SM-NG2QD,SM-NKILW
SM-NG2Q8,SM-NF551
SM-NDJ4T,SM-NKILX
SM-NDJ4R,SM-NKIMW
SM-NDJVB,SM-NGZ58
SM-NG2Q7,SM-NGZ6V
SM-NDJYX,SM-NLWPY
SM-NG2JJ,SM-NLWQ7
SM-NG2Q9,SM-NLWQB
SM-NG2JL,SM-NLL5U
SM-NDJ4U,SM-NKIML
SM-NDJVD,SM-NKIM8
SM-NG2JK,SM-NF55D
SM-NG2RB,SM-NGZ5W
SM-NDJ4V,SM-NN1DY
SM-NDJ4S,SM-NN1FE
SM-NG2KP,SM-NN1FJ
SM-NDJUU,SM-NN1FO
SM-NDJV2,SM-NN1FU
SM-NDJV3,SM-NN1G1
SM-NG2JN,SM-NN1G7
SM-NDJVC,SM-NN1GD
SM-NDJVI,SM-NN1E5
SM-NDJ4P,SM-NGZ77
SM-NDJUZ,SM-NLWPX
SM-NDJV8,SM-NLWQ6
SM-NDJXY,SM-NLWQA
SM-NDJV7,SM-NLL5H
SM-NDJ4G,SM-NKIM9
SM-NDJUY,SM-NKIMA
SM-NDJUV,SM-NKIMK
SM-NDJUX,SM-NF55P
SM-NDJVH,SM-NGZ7K
SM-NDJV9,SM-NLWPW
SM-NDJ5A,SM-NLWPT
SM-NDJV4,SM-NLWPU
SM-NDJ52,SM-NLWQ9
SM-NG2KE,SM-NLWPS
SM-NR86Y,SM-OHOPS
SM-NR86V,SM-OHOPT
SM-NO4D5,SM-OHOPU
SM-NR7YA,SM-OHOPV
SM-NO4C2,SM-OHOPW
SM-NG2QK,SM-OHOPX
SM-NG2R3,SM-OHOPY
SM-NG2PZ,SM-OHOPZ
SM-NG2QS,SM-OHOQ1
SM-NG2PY,SM-OHOQ2
SM-NG2QZ,SM-OHOQ3
SM-NG2QJ,SM-OHOQ4
SM-NG2J9,SM-OHOQ6
SM-NG2QQ,SM-OHOQ7
SM-NG2R4,SM-OHOQ8
SM-NG2RI,SM-OHOQ9
SM-NG2RE,SM-OHOQA
SM-NDJ4O,SM-OHOQB
SM-NG2R2,SM-OHOQC
SM-NG2JP,SM-OHOQD
SM-NG2RC,SM-OHOQE
SM-NDJZD,SM-OHOQF
SM-NG2QF,SM-OHOQH
SM-NG2RK,SM-OHOQI
SM-NG2RF,SM-OHOQJ
SM-NG2JE,SM-OHOQK
SM-NG2QC,SM-OHOQL
SM-NDJ4Q,SM-OHOQM
SM-NG2JH,SM-OHOQN
SM-NDJVG,SM-OHOQO
SM-NG2JA,SM-OHOQP
SM-NG2Q6,SM-OHOQQ
SM-NG2JC,SM-OHOQR
SM-NG2JG,SM-OHOQS
SM-NG2JB,SM-OHOQT
SM-NG2QE,SM-OHOQU
SM-NG2QA,SM-OHOQV
SM-NJBOE,SM-OHOR2
SM-NM6Q3,SM-OHOR3
SM-NHAME,SM-OHOR4
SM-NM6QB,SM-OHOR5
SM-NHAMI,SM-OHOR6
SM-NHAMF,SM-OHOR7
SM-NHAMD,SM-OHOR8
SM-NHAM4,SM-OHOR9
SM-NHAMG,SM-OHORA
SM-NHAMB,SM-OHORB
SM-NHALZ,SM-OHORC
SM-NHAM8,SM-OHORD
SM-NM6Q6,SM-OHORE
SM-NHAHJ,SM-OHORO
SM-NG2KS,SM-OHORP
SM-NHAL6,SM-OHORQ
SM-NG2QP,SM-OHORR
SM-NHAL7,SM-OHORS
SM-NHAHR,SM-OHOPF
SM-NHAHP,SM-OHOPE
SM-NHAHK,SM-OHOPD
SM-NHAHO,SM-OHOPC
SM-NHAHI,SM-OHOPB
SM-NHALE,SM-OHOPA
SM-NHAL4,SM-OHOP9
SM-NG2KY,SM-OHOP8
SM-NG2KO,SM-OHOP7
SM-NG2JS,SM-OHOP6
SM-NG2KL,SM-OHOP5
SM-NG2L1,SM-OHOP4
SM-NHAHH,SM-OHOPR
SM-NHAHE,SM-OHOPQ
SM-NG2KU,SM-OHOPP
SM-NG2KR,SM-OHOPO
SM-NG2KQ,SM-OHOPN
SM-NG2KV,SM-OHOPM
SM-NG2J4,SM-OHOPL
SM-NG2KN,SM-OHOPK
SM-NG2J7,SM-OHOPJ
SM-NG2QN,SM-OHQWI
SM-NG2JX,SM-OHQVH
SM-NG2K4,SM-OHQWQ
SM-NG2J5,SM-OHQVG
SM-NG2JW,SM-OHQW3
SM-NG2J6,SM-OHQVF
SM-NG2RA,SM-OHQWB
SM-NG2QM,SM-OHQVA
SM-NG2QV,SM-OHQV1
SM-NG2QR,SM-OHQVC
SM-NG2PW,SM-OHQVB
SM-NG2QH,SM-OHQW7
SM-NG2RH,SM-OHQVE
SM-NHALG,SM-OHORF
SM-NHAMC,SM-OHORG
SM-NHALX,SM-OHORH
SM-NHAM7,SM-OHORI
SM-NHALK,SM-OHORJ
SM-NG2JU,SM-OHORK
SM-NHAHT,SM-OHORL
SM-NHALC,SM-OHORM
SM-NHALA,SM-OHORN
SM-NG2KM,SM-OHOPI
SM-NG2KK,SM-OHOPG
SM-NG2KI,SM-OHOPH
SM-NG2KF,SM-OHOQW
SM-NG2IZ,SM-OHOQX
SM-NG2J3,SM-OHOQY
SM-NHA8N,SM-OHOQZ
SM-NG2K5,SM-OHOR1
SM-NG2RG,SM-OHQWX
SM-NHAHU,SM-OHQVD
SM-NG2L3,SM-OHQV3
SM-NHAHS,SM-OHQV5
SM-NHAHQ,SM-OHQV7
SM-NG2JZ,SM-OHQWJ
SM-NG2R7,SM-OHQWW
SM-NG2KD,SM-OHQUZ
SM-NG2QY,SM-OHQV6
SM-NHAHF,SM-OHQVQ
SM-NG2IY,SM-OHQUY
SM-NG2R9,SM-OHQWN
SM-NG2J2,SM-OHQUX
SM-NG2K9,SM-OHQWC
SM-NG2K7,SM-OHQUV
SM-NG2K1,SM-OHQUW
SM-NG2R8,SM-OHQVJ
SM-NG2QL,SM-OHQV2
SM-NG2KB,SM-OHQX3
SM-NG2QT,SM-OHQUT
SM-NG2QO,SM-OHQUS
SM-NG2JQ,SM-OHQUP
SM-NG2QG,SM-OHQUN
SM-NG2RD,SM-OHQV4
SM-NG2Q2,SM-OHQWO
SM-NG2QW,SM-OHQW8
SM-NG2Q4,SM-OHQUU
SM-NG2Q3,SM-OHQWA
SM-NG2QU,SM-OHQUQ
SM-NG2JO,SM-OHQWL
SM-NHALY,SM-OHQV8
SM-NHAHN,SM-OHQUM
SM-NHALF,SM-OHQV9
SM-NHALS,SM-OHQW4
SM-NHAMA,SM-OHQUR
SM-NHALM,SM-OHQUL
SM-NHAM2,SM-OHQWG
SM-NHALL,SM-OHQUK
SM-NHALH,SM-OHQUO
SM-NHALW,SM-OHQUJ
SM-NG2KT,SM-OHQWR
SM-NHALR,SM-OHQWS
SM-NHAM1,SM-OHQX5
SM-NHAM3,SM-OHQWV
SM-NHAM5,SM-OHQX4
SM-NHALV,SM-OHQWY
SM-NHALJ,SM-OHQX6
SM-NHALD,SM-OHQWU
SM-NHALQ,SM-OHQWT
SM-NG2L5,SM-OHQWZ
SM-NHALN,SM-OHQX7
SM-NHALB,SM-OHQX8
SM-NM6PF,SM-OHQVX
SM-NM6BK,SM-OHQW2
SM-NM6D3,SM-OHQWK
SM-NM6CY,SM-OHQWD
SM-NM6BQ,SM-OHQVW
SM-NM6DE,SM-OHQWE
SM-NM6CZ,SM-OHQVU
SM-NM6BP,SM-OHQW1
SM-NM6CN,SM-OHQVT
SM-NM6CL,SM-OHQVZ
SM-NM6CI,SM-OHQWM
SM-NM6BS,SM-OHQVY
SM-NM6CB,SM-OHQVS
SM-NM6DF,SM-OHQVP
SM-NM6CK,SM-OHQWF
SM-NM6DC,SM-OHQW5
SM-NM6CM,SM-OHQWP
SM-NM6CD,SM-OHQVO
SM-NM6DB,SM-OHQVL
SM-NM6D7,SM-OHQWH
SM-NM6D4,SM-OHQW6
SM-NM6C9,SM-OHQX2
SM-NM6CJ,SM-OHQVN
SM-NJBOI,SM-OHQW9
SM-NM6C8,SM-OHQVM
SM-NJBOJ,SM-OHQX1
SM-NJBOF,SM-OHQVI
SM-NM6QC,SM-OHQVR
SM-NM6CF,SM-OHR8C
SM-NM6QX,SM-OHR83
SM-NJBOH,SM-OHR7R
SM-NM6OR,SM-OHR7J
SM-NM6CG,SM-OHR79
SM-NM6D5,SM-OHR6Z
SM-NJBOG,SM-OHR95
SM-NM6PO,SM-OHR8W
SM-NJBOP,SM-OHR8M
SM-NJBOO,SM-OHR8D
SM-NM6QW,SM-OHR84
SM-NM6QT,SM-OHR7S
SM-NM6PZ,SM-OHR7G
SM-NJBON,SM-OHR7A
SM-NM6QM,SM-OHR71
SM-NJBOK,SM-OHR97
SM-NJBOL,SM-OHR8V
SM-NJBOQ,SM-OHR8N
SM-NM6Q1,SM-OHR8E
SM-NM6PQ,SM-OHR85
SM-NM6QO,SM-OHR7T
SM-NM6QF,SM-OHR7L
SM-NM6PY,SM-OHR7B
SM-NM6PW,SM-OHR72
SM-NM6PS,SM-OHR96
SM-NM6QD,SM-OHR8X
SM-NM6QJ,SM-OHR8O
SM-NM6QI,SM-OHR8F
SM-NM6QS,SM-OHR86
SM-NM6QH,SM-OHR7W
SM-NM6PU,SM-OHR7K
SM-NHAMH,SM-OHR7C
SM-NM6PL,SM-OHR73
SM-NM6PN,SM-OHR6I
SM-NM6QK,SM-OHR6J
SM-NM6PT,SM-OHR6K
SM-NM6QP,SM-OHR6L
SM-NM6QV,SM-OHR6M
SM-NM6PM,SM-OHR6N
SM-NM6QQ,SM-OHR6O
SM-NM6PK,SM-OHR6P
SM-NM6QG,SM-OHR6Q
SM-NHAM9,SM-OHR6T
SM-NM6PI,SM-OHR6R
SM-NM6QE,SM-OHR6S
SM-NM6PR,SM-OHR8Y
SM-NM6PJ,SM-OHR8P
SM-NM6Q4,SM-OHR8G
SM-NM6Q7,SM-OHR87
SM-NM6PV,SM-OHR7X
SM-NM6Q5,SM-OHR7M
SM-NM6QA,SM-OHR7D
SM-NM6Q8,SM-OHR74
SM-NM6Q9,SM-OHR6U
SM-NM6PH,SM-OHR8Z
SM-NHAM6,SM-OHR8Q
SM-NJBOD,SM-OHR8H
SM-NM6C3,SM-OIR8J
SM-NM6CT,SM-OIR9Q
SM-NM6OP,SM-OIR8Z
SM-NM6PE,SM-OIR8F
SM-MXVMK,SM-OIR85
SM-NM6BU,SM-OIR7Z
SM-NM6PD,SM-OIR7P
SM-NM6C7,SM-OIR9G
SM-NM6OQ,SM-OIR8L
SM-NM6D1,SM-OIR8O
SM-NM6P9,SM-OIR95
SM-NM6P7,SM-OIR93
SM-NM6PB,SM-OIR89
SM-NM6BJ,SM-OIR7Y
SM-NM6C6,SM-OIR82
SM-NM6BO,SM-OIR9M
SM-NM6CX,SM-OIR8Q
SM-NM6D2,SM-OIR9U
SM-NM6D9,SM-OIR8A
SM-NM6D8,SM-OIR7M
SM-NM6CC,SM-OIR9A
SM-NM6BR,SM-OIR8W
SM-NM6BI,SM-OIR9J
SM-NM6CE,SM-OIR8E
SM-NM634,SM-OHR6V
SM-NM63D,SM-OHR91
SM-NM6CR,SM-OHR8R
SM-NM6CO,SM-OHR8I
SM-NM63I,SM-OHR89
SM-NM63E,SM-OHR7Z
SM-NM63C,SM-OHR7O
SM-NM636,SM-OHR7F
SM-NM62M,SM-OHR76
SM-NM6BV,SM-OHR6W
SM-NM62N,SM-OHR92
SM-NM62J,SM-OHR8S
SM-NM6CW,SM-OHR8J
SM-NM631,SM-OHR8A
SM-NM62Y,SM-OHR81
SM-NM62T,SM-OHR7P
SM-NM6BT,SM-OHR7I
SM-NM6CA,SM-OHR78
SM-NM6BZ,SM-OHR6Y
SM-NM6PC,SM-OHR94
SM-NM6PA,SM-OHR8U
SM-NM6PG,SM-OHR8L
SM-NR7Y3,SM-OHR7Y
SM-NR7YF,SM-OHR7N
SM-NR7Y6,SM-OHR7E
SM-NO4BE,SM-OHR75
SM-NO4CZ,SM-OIR8N
SM-NO4D2,SM-OIR8I
SM-NO4D9,SM-OIR7L
SM-NR7Y4,SM-OIR83
SM-NO4CR,SM-OIR7B
SM-NO4D8,SM-OIR92
SM-NO4D4,SM-OIR7K
SM-NO4D3,SM-OIR8C
SM-NO4D6,SM-OIR7J
SM-NO4CG,SM-OIR7V
SM-NO4CL,SM-OIR7I
SM-NO4CT,SM-OIR7R
SM-NO4CY,SM-OIR7A
SM-NO4CO,SM-OIR7G
SM-NO4CD,SM-OIR9H
SM-NO4CS,SM-OIR91
SM-NO4CN,SM-OIR9W
SM-NO4CJ,SM-OIR7F
SM-NO4CE,SM-OIR8D
SM-NM699,SM-OIR8K
SM-NM68T,SM-OIR9F
SM-NM6CP,SM-OIR9I
SM-NM68O,SM-OIR88
SM-NM63L,SM-OIR9T
SM-NM63J,SM-OIR8T
SM-NM63M,SM-OIR7O
SM-NM63O,SM-OIR7T
SM-NM63R,SM-OIR96
SM-NM638,SM-OIR8S
SM-NM68M,SM-OIR8H
SM-NM63F,SM-OIR9P
SM-NM6C2,SM-OIR9C
SM-NM63H,SM-OIR9V
SM-NM63A,SM-OIR9K
SM-NM639,SM-OIR9L
SM-NM635,SM-OIR7S
SM-NM62R,SM-OHR7H
SM-NM6CS,SM-OHR77
SM-NM6BY,SM-OHR6X
SM-NM6CQ,SM-OHR93
SM-NM62V,SM-OHR8T
SM-NM6DA,SM-OHR8K
SM-NM62L,SM-OHR8B
SM-NM62O,SM-OHR82
SM-NM6CU,SM-OHR7Q
SM-NR7Y5,SM-OHR88
SM-NM63Q,SM-OIR9S
SM-NM63K,SM-OIR9O
SM-NM693,SM-OIR8P
SM-NM692,SM-OIR9E
SM-NM68Y,SM-OIR99
SM-NM68L,SM-OIR94
SM-NM68X,SM-OIR8V
SM-NM68P,SM-OIR98
SM-NM63B,SM-OIR9B
SM-NR86S,SM-OIR9R
SM-NM63T,SM-OIR8X
SM-NO4CF,SM-OIR7X
SM-NO4C8,SM-OIR7W
SM-NO4CA,SM-OIR7H
SM-NO4C4,SM-OIR9Y
SM-NO4CC,SM-OIR9D
SM-NO4C3,SM-OIR97
SM-NO4CB,SM-OIR7E
SM-NO4C1,SM-OIR9X
SM-NO4BF,SM-OIR86
SM-NO4BS,SM-OIR7D
SM-NO4BY,SM-OIR84
SM-NO4BM,SM-OIR7U
SM-NO4BU,SM-OIR81
SM-NO4BH,SM-OIR8Y
SM-NO4BR,SM-OIR8R
SM-NM63P,SM-OIR8U
SM-NO4BI,SM-OIR9N
SM-NM633,SM-OIR87
SM-NM62P,SM-OIR8G
SM-NM69F,SM-OIR7N
SM-NO4BN,SM-OIR7Q
SM-NO4BK,SM-OIR7C
SM-NO4BO,SM-OIKRD
SM-NO4BD,SM-OIKRE
SM-NO4BT,SM-OIKRH
SM-NO4BC,SM-OIKRI
SM-NM69E,SM-OIKRL
SM-NM68Q,SM-OIKRM
SM-NM63U,SM-OIKS2
SM-NM68U,SM-OIKRF
SM-NM69B,SM-OIKRG
SM-NM68Z,SM-OIKRJ
SM-NM69C,SM-OIKRK
SM-NM69A,SM-OIKRN
SM-NM691,SM-OIKRO
SM-NM698,SM-OIKR8
SM-NM697,SM-OIKR9
SM-NM695,SM-OIKRQ
SM-NM68J,SM-OIKRC
SM-NM63G,SM-OIKRB
SM-NM62S,SM-OIKRA
SM-NM6BN,SM-OIKRP
SM-NR86R,SM-OIKRX
SM-NR7XT,SM-OIKRY
SM-NR7Y9,SM-OIKRV
SM-NR86P,SM-OIKRW
SM-NR7YL,SM-OIKRZ
SM-NR86Z,SM-OIKS1
SM-NR7XU,SM-OIKRU
SM-NR7XS,SM-OIKRT
SM-NR86N,SM-OIKRS
SM-NR7YG,SM-OIKRR
SM-NR7XR,SM-OIKS4
SM-NR7YB,SM-OIKS5
SM-NR86U,SM-OIKS3